scene_id,population,n_rollouts,static_difficulty,static_percentile,static_band,v_mean_m_s,absolute_net_heading_change_deg,gt_path_m,baseline_difficulty,score,progress_clipped_rel,offroad,collision_at_fault,selection
clipgt-01d503d4-449b-46fc-8d78-9085e70d3554,development150,2,-1.4501162849419966,12.171052631578947,0–20,3.6954981825274342,0.48902861926967994,73.77132049325631,0.0,1.0,1.0,0.0,0.0,
clipgt-023b7fcc-671c-40e3-9bd2-c66b0b073fbc,development150,2,-0.9567045471147129,29.166666666666668,20–40,5.35131494127108,7.721453771203023,106.878151109281,0.0,1.0,0.9991074422562478,0.0,0.0,
clipgt-0245ff75-aa3f-46b7-ba87-16a7afb841af,development150,2,-0.7389506935820023,35.416666666666664,20–40,8.467428018902536,1.3990930106003405,169.79901317939903,0.0,1.0,1.0,0.0,0.0,
clipgt-026d6a39-bd8f-4175-bc61-fe50ed0403a3,development150,2,-1.2041341288697507,21.38157894736842,20–40,5.3828873243542175,0.6568446846244814,107.47861384412325,0.0,1.0,1.0,0.0,0.0,
clipgt-02e075b9-fd24-426b-971b-7cfcb2074cc9,development150,2,-0.7429105447468958,34.86842105263158,20–40,8.132844931440392,2.6225556284208085,162.5252658920618,0.0,1.0,1.0,0.0,0.0,
clipgt-02eadd92-02f1-46d8-86fe-a9e338fed0b6,development150,2,-1.2965865037154234,17.653508771929825,0–20,4.693816487258128,0.8126070751544254,93.85801602928572,0.4587827871234109,0.5412172128765891,0.4329737703012712,0.0,0.0,
clipgt-032b6f21-6799-4ad8-8712-0405f087ac4a,development150,2,-0.4444583057971202,45.28508771929825,40–60,10.721677642658845,0.6663198011840619,214.44818738861383,0.0,1.0,0.9720785044670869,0.0,0.0,
clipgt-04394343-92f3-409c-9695-e7cd5397fa02,development150,2,0.9196016258997086,75.76754385964912,60–80,14.961089708389201,22.00951915840108,299.22460031861704,0.34002038130053247,0.6599796186994675,0.5558293062213377,0.0,0.0,
clipgt-04749bb9-9b37-495b-bed0-77f0e33ac7da,development150,2,1.2821376567669964,80.04385964912281,80–90,23.00675251293373,0.08542553132370825,460.1524000905292,0.5283142694057468,0.4716857305942533,0.7554625818776888,0.0,0.5,
clipgt-048b974e-1546-488a-b8f9-d32bff77f5aa,development150,2,-1.139106462328741,23.903508771929825,20–40,5.997115196894338,0.03052639986272728,119.6980467332356,0.0,1.0,1.0,0.0,0.0,
clipgt-0499fb41-122d-4180-83af-f954a9974d3b,development150,2,0.188944782343067,63.37719298245614,60–80,13.80672583364207,6.123936221379263,276.15206156134286,0.0,1.0,1.0,0.0,0.0,
clipgt-04db1bb2-90fe-47a7-9d09-27d020c618d4,development150,2,-1.4368321156397617,12.93859649122807,0–20,3.4133897035494902,1.9867673959954146,68.25508293098204,0.0,1.0,0.9047387497727455,0.0,0.0,
clipgt-054b5901-fdcb-4146-b125-eb2bb333cf02,development150,2,-0.2895355972345607,51.20614035087719,40–60,6.60902638156992,21.41443321160693,132.3409874797222,0.0,1.0,0.9540030427935922,0.0,0.0,
clipgt-05a1d902-b975-4d11-a9ed-e6bfc774577f,development150,2,0.8890906475611182,75.32894736842105,60–80,9.438465097907992,43.18128728340574,188.5702548230293,0.5,0.5,0.9395916242106999,0.5,0.0,
clipgt-05bb8212-63e1-40a8-b4fc-3142c0e94646,development150,2,-0.620160653028659,37.828947368421055,20–40,9.596212327715204,0.22809002657113864,191.93609032491025,0.0,1.0,1.0,0.0,0.0,
clipgt-05e74bef-0afa-468e-b679-b7f14079be30,development150,2,0.2182336926800708,64.03508771929825,60–80,8.67918833407541,27.396842052107196,173.08423518223537,0.0,1.0,1.0,0.0,0.0,
clipgt-05ecbbf5-d88c-41b7-97f2-f4ac2615a8c9,development150,2,1.9293657081982754,88.26754385964912,80–90,5.916390845350346,86.40182247460642,117.4618511916927,1.0,0.0,0.09312084484967265,1.0,0.0,
clipgt-05f35348-9de0-4f68-ac65-f31316dbb59e,development150,2,2.721126820350889,96.38157894736842,90–100,29.914345639882633,12.88763535350187,598.2942300231134,0.5399552749092222,0.4600447250907778,0.7646100581517575,0.5,0.0,
clipgt-060131e7-ee72-477c-89da-083e0b446566,development150,2,-0.4846351076544842,43.0921052631579,40–60,10.181091264673876,1.6958077028983056,203.91571654522585,0.6785294394532255,0.3214705605467744,0.25717644843741955,0.0,0.0,
clipgt-065dcac9-ee67-4434-a835-c6b816c88e48,development150,2,1.979510895847178,88.8157894736842,80–90,8.131020085643362,78.9748370790387,162.51645183914718,0.594694669422105,0.405305330577895,0.324244264462316,0.0,0.0,
clipgt-07981e6a-22dd-4796-ad2f-1252037ecd28,development150,2,1.98470321641165,89.03508771929825,80–90,5.355998428966997,90.18882085298458,107.2286862065913,0.0,1.0,0.8429910650530299,0.0,0.0,
clipgt-07ab4a5b-e934-4fff-b5d1-47efedadac47,development150,2,0.14284332106373399,61.95175438596491,60–80,13.53983445434942,5.89562623293966,270.85000537336344,0.3202384444625208,0.6797615555374792,0.5830877088837867,0.0,0.0,
clipgt-08990ec8-0ba9-4284-9919-65b71750a5fa,development150,2,1.3941467415692252,81.35964912280701,80–90,2.3471281055152415,85.62891323570628,46.61713087633783,0.6607231583619976,0.3392768416380024,0.271421473310402,0.0,0.0,
clipgt-095cf563-c5d6-4f4f-9e98-7f179e733560,development150,2,0.44402015155718416,68.64035087719299,60–80,7.1320074339204025,39.89962650290614,142.5523731531926,0.0,1.0,0.9156724353879298,0.0,0.0,
clipgt-096988dd-9367-4fdf-84f9-5a73c5061c6e,development150,2,-1.35346909711209,15.899122807017545,0–20,3.927436372908945,2.2742083186853614,109.98804264404738,0.04136989997018792,0.9586301000298121,0.8515419331698484,0.0,0.0,
clipgt-098e2482-6db2-473b-b08a-2a80be9320f3,development150,2,-1.636455961114982,7.017543859649122,0–20,2.357334564090939,0.6008583073881035,47.19511701600607,0.0,1.0,0.9454957076683181,0.0,0.0,
clipgt-09a95ffa-37b7-486d-9404-ac8cf1c3e045,development150,2,-0.9005872201407166,30.263157894736842,20–40,7.668736623482577,0.051950268109846966,153.44942553979212,0.0,1.0,1.0,0.0,0.0,
clipgt-09b3c476-dc23-4739-8586-15472e99ee9b,development150,2,0.5799508588416693,71.16228070175438,60–80,10.970772970055018,28.400343316057388,219.4662890554623,0.42709395588584664,0.5729060441141534,0.45832483529132273,0.0,0.0,
clipgt-0a18c5a4-9aca-4efd-b604-c75f3269c502,development150,2,-0.9880382121316094,28.289473684210527,20–40,6.0705715514281575,3.9739550225873606,121.40023215973434,0.2515990444610311,0.7484009555389689,0.6987207644311751,0.0,0.0,
clipgt-0ac02819-4171-4363-9458-ad2f192884bf,development150,2,-1.8444534222073692,2.412280701754386,0–20,1.0441245487147401,0.005808374779830251,20.48094992975699,0.0,1.0,1.0,0.0,0.0,
clipgt-0aed52b3-1394-4dc3-8553-c60929e6acf8,development150,2,-0.4208649367858923,46.49122807017544,40–60,10.675302586955818,1.512920123487328,213.4998761213586,0.0,1.0,0.8901237241030744,0.0,0.0,
clipgt-0b10bce8-61f1-4350-8577-cf3c9493ffc3,development150,2,-1.4252182523911427,13.267543859649123,0–20,3.9077347448607966,0.34072448127896343,78.37501794975688,0.0,1.0,0.9818300782525579,0.0,0.0,
clipgt-0b1c9f60-1e7b-40e4-a221-f9e1c281aad7,development150,2,1.4732556268978987,82.78508771929825,80–90,14.049299398267872,41.17240828881936,281.1005203099868,0.1829281000281131,0.8170718999718869,0.7105189362134654,0.0,0.0,
clipgt-0b54c8d4-8119-431e-9ae8-5c70f5e64716,development150,2,1.162602778377293,78.50877192982456,60–80,3.1129861588231242,76.08103367475854,77.35208857491706,0.0,1.0,0.881120680959786,0.0,0.0,
clipgt-0caa8f1a-3c23-4520-98b2-28be9697fbf4,development150,2,-0.8757531329259434,31.030701754385966,20–40,7.812045200419728,0.17677717974582668,156.16634189268228,0.0,1.0,1.0,0.0,0.0,
clipgt-0ce02937-f31b-4b4e-8286-3af73ae8861e,development150,2,-0.04508400933035894,58.00438596491228,40–60,11.994123481977441,6.7907509361175595,239.98211591640649,0.5484704303336164,0.4515295696663836,0.3612236557331069,0.0,0.0,
clipgt-0ce6f2a3-a6cf-42c3-9133-111139be1dd1,development150,2,-0.5882309616377454,39.3640350877193,20–40,7.796733999255441,8.300845889532173,155.56135456770178,0.5,0.5,0.804325708939178,0.0,0.5,
clipgt-0cf6368d-ff81-4489-b01e-4103371ba12c,development150,2,-1.327547169369927,16.337719298245613,0–20,1.679996351900765,11.965215879932183,33.36618162748175,0.0,1.0,0.9988380060157392,0.0,0.0,
clipgt-0d1fcd2c-ed47-4c72-b756-8e24bce0b9f4,development150,2,-1.1492920595115703,23.24561403508772,20–40,3.9994549719867316,7.712703959648067,80.00239730534106,0.0,1.0,1.0,0.0,0.0,
clipgt-0d4893f5-f575-4d98-b33f-0bdf3816bbed,development150,2,-0.8022215427212003,32.78508771929825,20–40,8.134604553339615,0.9522759160316757,162.76223108362984,0.5,0.5,0.7124909471581895,0.5,0.0,
clipgt-0d59b8c8-3706-4e32-82ed-3f6e0cfb6840,development150,2,-0.9435054873648951,29.605263157894736,20–40,7.195777313234086,0.734823649668122,143.93783033218858,0.5,0.5,0.6390356230397216,0.0,0.5,
clipgt-0d76134f-350d-44b5-a694-208e9dab9600,development150,2,-1.386349275558112,14.473684210526315,0–20,4.042046119813818,0.8950185093445007,80.55015622246286,0.894669941363704,0.10533005863629592,0.16326166837848824,0.5,0.0,
clipgt-0d79a6a0-4aa7-4eb1-aea1-31fd55bd71d7,development150,2,-0.42624560655738275,46.271929824561404,40–60,10.707705805399497,1.2327871391222593,214.12452665074812,0.314003466262202,0.685996533737798,0.6445984907443045,0.0,0.0,
clipgt-0dbb91dd-8db1-4e10-b155-14fdf46218bc,development150,2,-0.933951556722991,29.714912280701753,20–40,7.362911891396564,0.33611661841508506,146.9079474703226,0.0,1.0,0.9650034492635196,0.0,0.0,
clipgt-0e002edd-c307-437c-9b97-6a1f6d28ac91,development150,2,-1.3407373550258344,16.11842105263158,0–20,4.579238836029771,0.031483783308366674,104.7660351337917,0.17674522018695216,0.8232547798130478,0.6586038238504384,0.0,0.0,
clipgt-0e02fb8c-182a-41a6-a194-010bc7ef4f28,development150,2,-1.1293813287919363,24.232456140350877,20–40,5.771172423564997,1.2044379626147161,115.68222213805933,0.0,1.0,0.9747355942878537,0.0,0.0,
clipgt-0e256b3c-e706-4d6c-ba17-751e4ab7f226,development150,2,-1.2318838981702158,19.846491228070175,0–20,4.880435511848512,1.8827220104849456,98.00606019943689,0.0,1.0,0.9997826787576938,0.0,0.0,
clipgt-0e899dd3-e544-4a30-a689-f00d08ba5770,development150,2,-1.1792034559445521,22.478070175438596,20–40,5.552681949206925,0.6787386300150604,111.03790582734771,0.06991448958911661,0.9300855104108834,0.7506788288492816,0.0,0.0,
clipgt-0f1f60d5-785b-4a47-8436-7046ad1a3d21,development150,2,3.210118873826424,98.57456140350877,90–100,2.8914915523115834,134.38307898814833,57.655344505393096,0.7816645026104365,0.21833549738956348,0.3413143463792993,0.5,0.0,
clipgt-0fa7060f-1481-4ff3-977e-510285e2515d,development150,2,-1.7680817100888355,3.7280701754385963,0–20,1.5253583887647084,0.22806808722793812,30.50802458197404,0.0,1.0,1.0,0.0,0.0,
clipgt-0fd06bc3-1899-4b45-9278-c5c018b3968d,development150,2,0.6461875098127848,71.8201754385965,60–80,8.902832697423227,38.50595093830803,178.01335174752867,0.2837799817243216,0.7162200182756784,0.6631624165811598,0.0,0.0,
clipgt-0fd2c051-f5e1-4416-9bb5-9b93d92f55fb,development150,2,-0.7012082340201976,35.96491228070175,20–40,8.645977192196609,1.7453503884613824,173.01389874309587,0.0,1.0,1.0,0.0,0.0,
clipgt-0feb3afa-28c0-4a48-b74c-636676892966,development150,2,2.1725412614725403,91.55701754385964,90–100,25.950730110757892,13.31279080706339,518.8540533366277,0.0,1.0,1.0,0.0,0.0,
clipgt-0fee0fbf-439e-4901-a2aa-66152468491d,development150,2,-0.49472866217829403,42.65350877192982,40–60,10.127886300239737,1.6249655018228004,202.36901292029464,0.0,1.0,1.0,0.0,0.0,
clipgt-1089758a-8d07-48f8-9e9d-49f9a6bd18bd,development150,2,-0.2957453491589766,51.09649122807018,40–60,6.608029386395538,21.244269410169174,131.93062317716974,0.1367008827733246,0.8632991172266754,0.6906392937813404,0.0,0.0,
clipgt-10d64934-74a5-40ce-b35e-6debe2cd3d9c,development150,2,-1.8845469277041076,1.4254385964912282,0–20,0.6925352123263829,0.2838037444233929,13.692668790227243,0.0,1.0,0.9955868290763816,0.0,0.0,
clipgt-11336325-e0c8-49ab-9f34-0be03dd1b8e2,development150,2,-0.28645110688662273,51.31578947368421,40–60,6.785057926704714,20.798817138722402,135.35853451282014,0.7491084289115033,0.2508915710884967,0.3993284427103422,0.0,0.5,
clipgt-118a3400-83ce-4a64-98dd-f38f786be4b2,development150,2,-1.533681054835363,9.210526315789474,0–20,2.9090792482437444,1.2823065177999873,57.63706339746426,0.0,1.0,0.9992975508950875,0.0,0.0,
clipgt-11e62ffc-ebd9-448b-88ca-61796a5e5db6,development150,2,0.2237396259502289,64.14473684210526,60–80,14.455027951675605,4.513889744485561,289.1118624328279,0.0,1.0,1.0,0.0,0.0,
clipgt-11fce928-d921-42fb-b202-29608242745a,development150,2,-1.61687413926134,7.565789473684211,0–20,2.1390252226910675,2.020734984701649,42.76802786869769,0.0,1.0,1.0,0.0,0.0,
clipgt-12449274-01ce-4d5e-b5f8-5fe675668dd0,development150,2,0.3528804321871447,66.55701754385964,60–80,16.20654320211878,1.1493462559416658,324.1438612829868,0.33855115725214746,0.6614488427478525,0.5291590741982821,0.0,0.0,
clipgt-127c4f85-a5db-4920-9813-7970dcd6ebdb,development150,2,-1.184330923917713,22.25877192982456,20–40,5.59796172000229,0.3543471330369551,111.49639412057563,0.0,1.0,0.9992504609728265,0.0,0.0,
clipgt-12855a41-ba51-42a7-b5d6-8d75ae7cfb5c,development150,2,-1.5778535915527079,8.223684210526315,0–20,2.623791871365607,1.1814632303463035,52.28775257354345,0.0,1.0,1.0,0.0,0.0,
clipgt-12a09194-85c2-4ecf-b665-9c5078bae240,development150,2,1.2262601082386297,78.94736842105263,60–80,14.151099529964782,33.83986318385461,283.0450167433958,0.6991882272202619,0.3008117727797381,0.2406494182237905,0.0,0.0,
clipgt-1316f5fa-9b99-4979-90eb-1a8d56b32a73,development150,2,-0.576170118716497,40.021929824561404,40–60,6.221470655758955,14.922120885256152,124.00265094246113,0.1936238488321924,0.8063761511678076,0.645100920934246,0.0,0.0,
clipgt-13a9767e-35c2-4d91-bba1-4326fc018dfc,development150,2,-1.0602209320352496,26.75438596491228,20–40,6.355749921740022,0.8122767113996462,158.50818178452357,0.1965545502823336,0.8034454497176664,0.6427563597741333,0.0,0.0,
clipgt-13d646af-4ff3-48e4-9a88-012a58eb6cd6,development150,2,1.4572891885382262,82.34649122807018,80–90,15.01703818228577,36.86476427583746,300.4161886013633,0.0,1.0,0.943032678313129,0.0,0.0,
clipgt-13fb89b9-2196-4545-abb4-c3029d89fcbe,development150,2,-0.5355399527123273,41.228070175438596,40–60,9.494900586947,3.005201859711836,189.9550138185467,0.1957032359392239,0.8042967640607761,0.7286511089086215,0.0,0.0,
clipgt-1492c7af-08ad-45a1-90d2-cd1519d844ae,development150,2,0.942528687824511,75.98684210526316,60–80,12.845429684863701,31.090927461822222,256.944983599593,0.0,1.0,0.975361885603327,0.0,0.0,
clipgt-14a02b32-08ac-493f-b9b5-5367df0cc568,development150,2,2.2270734072142706,91.99561403508773,90–100,7.410562018095465,88.79084446322993,148.1243197491008,1.0,0.0,0.30878720638169854,1.0,0.0,
clipgt-15d28b17-4484-4e58-a5a2-8d99c1422c41,development150,2,2.898557392777062,97.25877192982456,90–100,13.456123534809532,83.5081431789886,269.1411758249388,0.1564350575563156,0.8435649424436844,0.6748519539549476,0.0,0.0,
clipgt-15dd433e-ff56-47b5-82c4-ea91f8f7443f,development150,2,-1.2326917393134398,19.517543859649123,0–20,4.018249912026617,5.298957514942693,79.79234612771425,0.0,1.0,0.9975126437265456,0.0,0.0,
clipgt-16195ead-b47b-40cd-b944-851c82ecc519,development150,2,0.1757499056531367,62.93859649122807,60–80,10.137310078630772,20.38964265600068,203.00017313664657,0.0,1.0,1.0,0.0,0.0,
clipgt-166fe701-83b5-473b-9f3f-a2401fec3c78,development150,2,-1.357879285059704,15.350877192982455,0–20,4.307287692028446,0.6354686411985285,85.71847369789076,0.0,1.0,1.0,0.0,0.0,
clipgt-167f9d8c-812a-48d1-98b9-c9fd29feb860,development150,2,1.6923478907905882,85.30701754385964,80–90,9.059912075642758,67.21695721023941,182.01338016043456,0.9219987547286227,0.07800124527137732,0.062400996217101865,0.0,0.0,
clipgt-16b83346-578c-437d-b51b-14784ffdf6c1,development150,2,-1.1340206720498798,24.013157894736842,20–40,5.23889579766546,3.1973605740235835,104.09503107853857,0.0,1.0,0.9997165016335622,0.0,0.0,
clipgt-16db28cb-4a75-4216-b6c9-afd2d97c5f85,development150,2,1.4385830938465802,82.01754385964912,80–90,7.439698029607747,66.5629594065512,148.82381079113173,0.42154565493358487,0.5784543450664151,0.4627634760531322,0.0,0.0,
clipgt-16fc3dfe-41bd-4199-86e9-69188de13312,development150,2,0.02975567346067992,59.64912280701754,40–60,6.780326251689014,29.6850925914378,135.93941322233798,0.15499815198205424,0.8450018480179458,0.6760014784143566,0.0,0.0,
clipgt-17a28ca0-d124-468c-bea3-6f2e75f23734,development150,2,-0.9496499553375688,29.385964912280702,20–40,6.801022869785728,2.1370207672964447,136.50382637672578,0.8692312522177702,0.1307687477822298,0.10461499822578385,0.0,0.0,
clipgt-187e6244-f541-48ed-8372-62d6da8b547a,development150,2,-0.9007660986471498,30.153508771929825,20–40,7.560966660134504,0.4767822888643837,151.06614994717916,0.44008028047957914,0.5599197195204209,0.4479357756163368,0.0,0.0,
clipgt-18d28973-336c-430e-be57-49f6b56fd827,development150,2,-0.6419399340673553,37.5,20–40,8.552915582571526,3.7785973220014517,171.06560542566865,0.40694727762879146,0.5930527223712085,0.47444217789696685,0.0,0.0,
clipgt-18f8dbd6-6fe7-401c-9943-10404407e112,development150,2,-0.7872708205250178,33.55263157894737,20–40,8.326950421660193,0.6043543244067812,166.55533583093336,0.0,1.0,1.0,0.0,0.0,
clipgt-1920170b-0317-4211-9b7c-1002c9925d7a,development150,2,-0.15096665945334187,54.49561403508772,40–60,12.165537772028031,3.137780057929634,243.00686666685107,0.0,1.0,0.989194453325656,0.0,0.0,
clipgt-19f339ba-4f3a-4025-b774-4b271e639f2a,development150,2,0.06655608674861291,60.526315789473685,60–80,13.698568303649859,3.1231779636388235,273.6554327311985,1.0,0.0,0.980231310468152,0.0,1.0,
clipgt-1a050ead-6fcd-4676-ac5a-2355300a909c,development150,2,1.2351834183085932,79.3859649122807,60–80,17.54306399439406,20.56100359671439,351.9665197279915,0.0,1.0,0.9856583265525591,0.0,0.0,
clipgt-1a5da90a-b970-412c-b97a-a1111119b456,development150,2,0.995963960987542,76.64473684210526,60–80,20.53292571296824,1.9272797460233477,410.66307825928055,0.5,0.5,1.0,0.0,0.5,
clipgt-1a7b81b8-9bca-4385-a591-64f74eb59db2,development150,2,-1.005624311330331,28.07017543859649,20–40,6.8293398329253945,0.45438479286171146,136.24455158794134,0.03690378026574881,0.9630962197342512,0.7704769757874009,0.0,0.0,
clipgt-1aac210f-756a-4093-b5c6-6d522d7e99b0,development150,2,-0.4682255014844833,44.4078947368421,40–60,10.712580022784309,0.036101640820269204,214.2438750876126,0.7770075535671592,0.22299244643284075,0.1783939571462726,0.0,0.0,
clipgt-1acf2f5d-f674-408f-ba18-6aacb4f4c739,development150,2,-0.7949129329732445,33.223684210526315,20–40,6.258029319225848,8.642088137468045,125.08668788707095,0.6044350070274233,0.39556499297257675,0.3164519943780614,0.0,0.0,
clipgt-1b45d8e1-d2fd-4c7c-8440-c7ddb15ea152,development150,2,-1.1665895830062638,22.916666666666668,20–40,5.494609231470297,1.2640973594628189,109.38874703802556,0.0,1.0,0.9973068924297219,0.0,0.0,
clipgt-1b7d131a-7007-4b60-a1f0-a5f4a326c776,development150,2,2.2684902652331673,92.21491228070175,90–100,23.873410673356606,24.289032929098557,477.4823543471146,0.0,1.0,0.8155639729741269,0.0,0.0,
clipgt-1ba6bd49-8153-48f9-8427-4241f95b00fb,development150,2,1.9391126170332884,88.59649122807018,80–90,10.984783045524456,66.45950542515001,219.71913540194944,0.6243531237566411,0.37564687624335896,0.3005175009946872,0.0,0.0,
clipgt-1bbe02fc-9785-48a6-9fa2-026b42c99654,development150,2,2.0591013464105523,90.0219298245614,90–100,6.632957711140477,87.18192662902437,132.5466390759882,1.0,0.0,0.4062974030434976,1.0,0.0,
clipgt-1bc5e591-0f30-4d73-a7e9-fa04fa160530,development150,2,-0.5959359551298811,39.14473684210526,20–40,9.458562951032125,1.4564489900922606,189.75141076060964,0.6571693374759576,0.3428306625240424,0.2742645300192339,0.0,0.0,
clipgt-1bccdc21-6e9c-425a-a0a1-392e2353f2b3,development150,2,-1.8396581062266968,2.5219298245614037,0–20,0.9622897534789098,0.4666876843617396,19.146103088094584,0.0,1.0,0.998917614805084,0.0,0.0,
clipgt-1be86721-4f0e-4237-909d-1bc33ca56f5d,development150,2,1.5654368785642687,83.99122807017544,80–90,15.321588903008124,38.68283279641191,306.43067343635175,1.0,0.0,0.30735590652281386,0.0,1.0,
clipgt-1be9be8f-d443-4f2d-924d-f96d280f0c81,development150,2,1.7787330104430072,86.07456140350877,80–90,6.052920608768174,81.63306320076869,121.31323506349523,0.2163498046655914,0.7836501953344086,0.626920156267527,0.0,0.0,
clipgt-1bfd39ec-e09c-41fd-94e7-5fa70aac3a47,development150,2,-1.6340460122900535,7.2368421052631575,0–20,2.4849667656349164,0.15937032657658617,49.75141835938318,0.0,1.0,1.0,0.0,0.0,
clipgt-1c0c89e4-807f-4a5e-ac16-c52ef00dd313,development150,2,-0.32147102652473614,50.219298245614034,40–60,11.69676699427206,0.2260436866399862,234.39619187297183,0.0,1.0,0.997778227330089,0.0,0.0,
clipgt-1c45ce3a-0960-4e08-88ed-6cfc008ad02a,development150,2,0.9134945285318335,75.54824561403508,60–80,17.163106743022972,13.055352770675633,343.09714929325446,0.5,0.5,0.8242825636897853,0.0,0.5,
clipgt-1c7e2423-77d7-40b6-bf26-f36fb8ebcf52,development150,2,-1.1166517753769125,24.67105263157895,20–40,5.636203040411069,2.09974865605442,112.45455270783043,0.0,1.0,0.99980899647093,0.0,0.0,
clipgt-1c841180-ba2a-41f0-836b-650e535d8741,development150,2,0.10146722446913259,61.29385964912281,60–80,14.62591054860149,0.40342093199405105,292.5206699406999,0.0,1.0,0.987599405421311,0.0,0.0,
clipgt-1cf1a70b-a26c-4b3d-9cbf-8ecbeb827487,development150,2,2.5006749246135835,94.40789473684211,90–100,6.506678932183884,100.06866901503983,130.48780004403622,0.778584639335069,0.22141536066493092,0.17713228853194474,0.0,0.0,
clipgt-1cf49614-606e-4793-a0db-90e34f5370b2,development150,2,1.01508717678844,77.08333333333333,60–80,19.37137629591216,7.096477204283895,387.4782077895553,0.45155623480163265,0.5484437651983674,0.4387550121586939,0.0,0.0,
clipgt-1d0d601f-bba0-423a-8f3f-8942bb529fd7,development150,2,-0.9656857728036745,29.05701754385965,20–40,6.124667550189828,4.385019798632103,123.08229869410505,0.8161687326797306,0.18383126732026941,0.14706501385621554,0.0,0.0,
clipgt-1d1bf6a0-c41d-4a72-b018-51e20250f421,development150,2,-1.2683181113291948,18.75,0–20,4.855163510420434,0.961794729541501,97.08709553430535,0.0,1.0,0.9717373947826242,0.0,0.0,
clipgt-1d205d02-7180-40c0-8242-22e57ad977d7,development150,2,-1.2134352615996002,20.833333333333332,20–40,5.298723116903175,0.7317075957415173,105.84803840389554,1.0,0.0,0.1529441375185835,1.0,0.0,
clipgt-1d68b79f-8459-456f-856d-316ec5572242,development150,2,-0.32518770561681565,49.780701754385966,40–60,11.699494981859672,0.11093588936429452,234.0914388284432,0.0,1.0,1.0,0.0,0.0,
clipgt-1d6978de-3fda-4526-bcfc-b8287d73e198,development150,2,-0.2958582354722413,50.98684210526316,40–60,10.647650917212134,5.128780097744519,213.14785696523776,0.6795491454400603,0.3204508545599397,0.25636068364795184,0.0,0.0,
clipgt-1d7ad5d2-02aa-4353-adf3-ee2a1ce1af24,development150,2,-0.4741424162094631,43.969298245614034,40–60,9.389948297582094,5.145585921180029,188.35708162499327,0.5,0.5,0.8605468042591635,0.0,0.5,
clipgt-1dde2ce8-cf39-4cf7-a1d3-3da09965ffca,development150,2,3.0571238170192983,98.02631578947368,90–100,32.832986803146134,10.668804130919016,656.6940258441241,0.42061062305203345,0.5793893769479666,0.46351150155837334,0.0,0.0,
clipgt-1deba1be-55e2-4f85-8669-d7e4703c6a29,development150,2,-0.01161600758098641,58.66228070175438,40–60,12.875777028794547,4.212756657228839,257.44171987123224,0.4365702675609765,0.5634297324390235,0.45074378595121883,0.0,0.0,
clipgt-1e461825-5ed3-4e7d-b7ac-c507bde90be6,development150,2,2.3348788749631253,92.65350877192982,90–100,15.020467262137075,61.461379352555696,300.37083852562495,0.42421562298979965,0.5757843770102004,0.46062750160816024,0.0,0.0,
clipgt-1e6e41a1-e402-48a1-8a96-2ad92a57eb26,development150,2,-0.10863669272988957,56.14035087719298,40–60,7.626291889715225,22.42995308773062,152.22867437578515,0.1028450055977681,0.8971549944022319,0.8177239955217854,0.0,0.0,
clipgt-1e7bc103-82e1-44f5-b86a-856fa7412038,development150,2,0.14844340177127374,62.39035087719298,60–80,11.961663396560308,12.347319374783162,239.23381194774947,0.00743567846466231,0.9925643215353377,0.8236634598613648,0.0,0.0,
clipgt-1ef4e5bc-ea88-4cf0-9b07-d0dffdaed145,development150,2,-1.6294193576831133,7.3464912280701755,0–20,2.240107768566736,1.2657537165453547,44.746655388629534,0.0,1.0,0.989946344240713,0.0,0.0,
clipgt-1f1551dd-3492-4877-9e5a-6a741b7a7287,development150,2,-0.8702512364913334,31.359649122807017,20–40,5.36509747090439,10.090895738366182,107.36867681121915,0.5,0.5,0.4573304351005716,0.5,0.0,
clipgt-1f3816e3-9036-4124-82fe-bde06f7a3721,development150,2,3.5793323302601796,99.67105263157895,90–100,11.80354880998032,109.19056359428309,236.9323881474873,0.1858152327145941,0.8141847672854059,0.7513478138283247,0.0,0.0,
clipgt-1f816661-b271-479b-ab67-72057de1aadd,development150,2,-1.2971066191929843,17.54385964912281,0–20,3.4900423843903954,5.599361818970273,69.64600932316104,0.0,1.0,0.9995206957394165,0.0,0.0,
clipgt-2036568b-916a-4d9d-b4c9-9946d2b3d62d,development150,2,-0.27073568420656613,51.75438596491228,40–60,12.05539716695285,0.2183950017086033,241.08726534954283,0.19564908464656194,0.8043509153534381,0.7434807322827505,0.0,0.0,
clipgt-20a057e5-c79e-4e78-934e-754a8de365b2,development150,2,0.21108947124592448,63.925438596491226,60–80,13.521145127560786,7.884000229695926,270.3788895118016,0.0,1.0,1.0,0.0,0.0,
clipgt-20b155e0-c26e-4fba-9d34-21ca609cbba6,development150,2,-0.4334341193687382,45.94298245614035,40–60,10.918427487649486,0.19072058676905473,219.35848536615785,0.0,1.0,0.9388229706225009,0.0,0.0,
clipgt-20c02adf-a773-4167-9231-82f89c0121be,development150,2,-1.4126907997028255,13.706140350877194,0–20,4.025641482060552,0.22175289620937222,80.15033265200941,0.0,1.0,1.0,0.0,0.0,
clipgt-21254445-877f-43d0-a92c-a9c1e9694f9f,development150,2,-1.3862835347962055,14.583333333333334,0–20,3.241600685979161,4.089496783000757,64.79864212199438,0.0,1.0,0.8743349881694733,0.0,0.0,
clipgt-21829be5-61af-4627-8758-7170324a3236,development150,2,-1.6631018837848193,6.359649122807017,0–20,2.2306869818009996,0.35876841567735646,44.61071957236865,0.0,1.0,0.973478671467649,0.0,0.0,
clipgt-218cce90-9835-4c8c-973c-558c316ee68f,development150,2,0.3890146664085907,67.65350877192982,60–80,8.578535789240254,32.5875215638332,171.57207468053383,0.5,0.5,0.6090838256650224,0.0,0.5,
clipgt-2205649c-9fad-4f64-85df-ecfd2707c43e,development150,2,0.33891506213115324,66.00877192982456,60–80,15.758073639560678,2.5464680694163113,314.99400143774415,0.2663859673191469,0.7336140326808531,0.6839133307296915,0.0,0.0,
clipgt-225eb8de-bf61-4fa9-b4b1-1f749cf8b57f,development150,2,0.39332014673827054,67.76315789473684,60–80,14.389810784305054,9.529568318741726,287.7303003986386,0.0,1.0,1.0,0.0,0.0,
clipgt-22a92557-7661-4a06-9854-b0a7f17d5c84,development150,2,-1.0407796853230926,27.19298245614035,20–40,2.6048805589605757,16.318083240224976,52.25486221952484,0.0,1.0,0.9995952552427291,0.0,0.0,
clipgt-22eb5c41-c157-434a-b563-f2eda1148cfd,development150,2,-1.4602673777086146,11.513157894736842,0–20,3.534972501581327,0.8446293365247207,70.86067191801314,0.0,1.0,0.9958303386305984,0.0,0.0,
clipgt-22f1e835-c0b2-468f-9385-e893f22d1e6c,development150,2,-0.47215364519418423,44.078947368421055,40–60,10.3775112092071,1.2623907862790014,207.87743713971923,0.0,1.0,0.8456263248373423,0.0,0.0,
clipgt-2301484b-78ff-4108-994f-d6ccaf88d546,development150,2,-1.3026573497782765,17.214912280701753,0–20,4.634010797898049,0.8809013624337406,92.6287207080911,0.14791073283574796,0.852089267164252,0.6816714137314017,0.0,0.0,
clipgt-2329e12d-9dac-47c3-a83f-8c2784a0c817,development150,2,-0.5606058024195768,40.67982456140351,40–60,9.02142571847904,4.190767835042962,180.50099257071102,0.26977055067062405,0.730229449329376,0.5841835594635008,0.0,0.0,
clipgt-235c5235-95a7-4952-bedc-ed230d244324,development150,2,-0.21135339064014974,53.17982456140351,40–60,12.36365406008995,0.6541506915238811,247.31733058639125,0.6014876409567552,0.3985123590432448,0.3188098872345958,0.0,0.0,
clipgt-23666aa2-ecb8-4c76-9524-fd3b0c615db0,development150,2,-1.5070937504160427,9.978070175438596,0–20,2.2906960913451617,4.494361745950318,45.688174225836136,0.0415651295063546,0.9584348704936454,0.8667478963949165,0.0,0.0,
clipgt-23b03b84-fb88-445a-9a85-e19bad0a4986,development150,2,-1.516690085681057,9.649122807017545,0–20,3.1129052772833186,0.9458102212319168,62.1078597209207,0.0,1.0,1.0,0.0,0.0,
clipgt-23f7c59c-bdb4-4359-a1f5-05ca0aac824b,development150,2,-1.5949909251798564,8.00438596491228,0–20,2.79260514179856,0.027556131735084477,55.96846790442518,0.0,1.0,1.0,0.0,0.0,
clipgt-23fff61f-09db-4131-b83b-833f03e1bdb3,development150,2,-1.8825881867892456,1.5350877192982457,0–20,0.7464034349907211,0.12387550014258036,14.964769594840334,0.0,1.0,0.998542022580022,0.0,0.0,
clipgt-2431387d-b9c5-4241-a219-497a99d1f4e5,development150,2,-1.5017161735888613,10.197368421052632,0–20,3.0949619609896906,1.4372926188103137,61.33536813135522,0.5,0.5,0.7393868708028749,0.5,0.0,
clipgt-24535266-2711-4c57-a98d-bfc024a98782,development150,2,-1.9922985760403296,0.43859649122807015,0–20,0.0002377996424940522,0.02339726122635366,0.004773406298460833,0.0,1.0,0.41039767482673883,0.0,0.0,
clipgt-2466266e-73bd-4eb4-b881-4e56ab62e0a7,development150,2,-1.095575552344567,25.43859649122807,20–40,5.502824764720121,3.222779182498996,109.70124300175075,0.3016947876364615,0.6983052123635385,0.5586441698908309,0.0,0.0,
clipgt-24db7eb4-eddf-4b20-ba7e-ca54f9b44f11,development150,2,1.6027692188108573,84.4298245614035,80–90,10.87388460259977,57.46973689003594,217.48461184783218,0.5429809281053053,0.4570190718946947,0.3656152575157558,0.0,0.0,
clipgt-24e426ed-e651-4278-b4ea-7a4b90d80edd,development150,2,-1.4523475351187645,11.951754385964913,0–20,3.3419248958041323,1.8367102704111453,66.76676199299138,0.0,1.0,0.968372119651852,0.0,0.0,
clipgt-2517eae8-ea91-4ed2-a713-dc02366cb6d9,development150,2,-1.4583993034750844,11.62280701754386,0–20,3.6995132285901033,0.24073320667499065,74.15267792443083,0.0,1.0,0.9996399985585319,0.0,0.0,
clipgt-251c0932-ddab-455f-b9d5-3958ad2bc036,development150,2,0.5823228256315649,71.2719298245614,60–80,14.197252483577964,15.597812812243,284.05051526646184,1.0,0.0,0.849221756865282,1.0,0.0,
clipgt-25f6ad44-f4ca-4b73-9038-9295546e0da1,development150,2,-1.0690138216282867,26.535087719298247,20–40,6.361952445198659,0.5409580463971332,126.40428577172365,0.0,1.0,0.9159402312264074,0.0,0.0,
clipgt-26344d44-4751-4446-a31d-e982c4629eb4,development150,2,0.5150644357115701,70.28508771929825,60–80,17.041501362179297,2.3671893001351307,340.67764243689214,1.0,0.0,0.17295358230962377,1.0,0.0,
clipgt-2726cee4-301c-4d59-ad14-64fad8032e87,development150,2,-1.1693386333384814,22.69736842105263,20–40,5.651407769414901,0.5616032535315335,141.2892857264898,0.0,1.0,0.9997802755157559,0.0,0.0,
clipgt-278088cf-15db-4334-be5c-85521b6a4a73,development150,2,2.706588109405488,96.05263157894737,90–100,15.237294297119009,71.0204099547048,304.50811269631197,1.0,0.0,0.2777439034264747,1.0,0.0,
clipgt-27a8bd68-4f4b-4dde-96a0-95b4de726dc2,development150,2,-1.0281368473440458,27.521929824561404,20–40,5.708232348756072,4.294683161155942,114.6990267002191,0.0,1.0,0.9999999306177743,0.0,0.0,
clipgt-2854bbf0-3dac-431a-9e48-4c26ebcd1c77,heldout763,1,0.36232162580137395,66.77631578947368,60–80,8.068442744754426,33.873510394469584,161.59538508636825,1.0,0.0,0.12566912049547796,1.0,0.0,
clipgt-288829f8-8808-46dc-a7e0-29ed1f7fddbc,heldout763,1,2.005110958791391,89.69298245614036,80–90,7.918508181819788,80.5403600968424,157.9732416768106,0.0,1.0,0.8275905570292895,0.0,0.0,hard100
clipgt-28bb2176-ff3e-4389-9138-87a1af7d6f5f,heldout763,1,1.130038201416721,78.28947368421052,60–80,20.726792074526948,4.913880437195087,414.6365621997196,0.0,1.0,0.8618506227081765,0.0,0.0,
clipgt-28d92a45-12ae-46c5-90bb-796cfd754875,heldout763,1,-0.16881290972864876,53.83771929824562,40–60,12.614574789333496,0.8463000231270992,253.34852033607643,0.5971493020915176,0.4028506979084824,0.3222805583267859,0.0,0.0,
clipgt-28dcc0c4-5912-4a9b-99c5-b0f3856698d1,heldout763,1,1.1672016408819705,78.61842105263158,60–80,15.129508411673795,28.281228751070234,302.6145582429557,1.0,0.0,0.24023881070385766,0.0,1.0,
clipgt-28e3a9ca-66bc-4d25-a684-fefd43da3e88,heldout763,1,1.9801498167593152,88.92543859649123,80–90,15.402953961472814,49.98811837403835,308.13818429784345,0.0,1.0,0.9535123787631067,0.0,0.0,hard100
clipgt-29815599-a5e2-4677-8144-f3d831bbd142,heldout763,1,-0.6991419755372773,36.074561403508774,20–40,8.971095168557383,0.5065379372745421,179.3721695535043,1.0,0.0,0.22395573819100376,1.0,0.0,
clipgt-29f4242b-7ec5-45a6-b1bc-78f19417390b,heldout763,1,0.2567776026469081,64.58333333333333,60–80,15.655044246203383,0.6540233279659039,312.9974597613257,0.27964480758718446,0.7203551924128155,0.5762841539302525,0.0,0.0,
clipgt-29fb826a-9b22-4a1d-8e51-b8d5bee542e5,heldout763,1,3.4886295229214164,99.45175438596492,90–100,36.19557090349677,9.35762987690376,723.9029232067895,1.0,0.0,0.18047113287556207,1.0,0.0,hard100
clipgt-2a356a82-3672-4fd5-ad80-174a780ae0c9,heldout763,1,-1.2749265599798916,18.31140350877193,0–20,4.7618660232764665,1.1485974661081293,95.14787808358095,1.0,0.0,0.44527612037910214,1.0,0.0,
clipgt-2acac2c5-2fe4-4481-b389-dc9fdce0c90a,heldout763,1,-0.8141217219538285,32.45614035087719,20–40,8.120404796378171,0.6751953457028501,162.20644571897608,0.0,1.0,0.8218399990077699,0.0,0.0,
clipgt-2ad86965-7adf-4698-af12-c8851a7d46cc,heldout763,1,1.4624045838231055,82.5657894736842,80–90,14.317566171810094,39.798110441277785,286.4158649898004,0.04047398862998042,0.9595260113700196,0.7676208090960157,0.0,0.0,
clipgt-2b4b2e84-cff4-4697-a4b5-ccb706f69438,heldout763,1,-0.4256535508013059,46.38157894736842,40–60,9.46564557811202,6.203437543125676,189.26894090285555,0.07667412438279009,0.9233258756172099,0.738660700493768,0.0,0.0,
clipgt-2b8f1bfc-145f-4da2-9cfa-e9cd97e53845,heldout763,1,-1.4962808040931561,10.635964912280702,0–20,2.950928252527995,2.164205860917837,59.299025814517364,1.0,0.0,0.04210869902061188,1.0,0.0,easy100
clipgt-2b9447b3-24ec-4d03-94c2-87e5901c0ec5,heldout763,1,-0.7413406053873486,35.19736842105263,20–40,8.791536833415037,0.03934106464707379,175.5799422685161,0.0,1.0,1.0,0.0,0.0,
clipgt-2bc33d61-dc87-4258-b2a6-660d20f2051d,heldout763,1,-0.9779862480205503,28.728070175438596,20–40,7.136729435668638,0.003394669757229314,142.56798080254902,0.48221279289419083,0.5177872071058092,0.41422976568464737,0.0,0.0,
clipgt-2bcf87fb-e50e-46fd-b221-01caecb2145e,heldout763,1,-1.665851920560261,6.140350877192983,0–20,2.0922643102401484,0.8337578655353233,41.904146518556004,0.0,1.0,1.0,0.0,0.0,easy100
clipgt-2c0ef536-8175-462d-8268-cbaa62ec6f99,heldout763,1,-1.1192050641555165,24.45175438596491,20–40,2.160591935745253,15.890873769166609,42.931167096570746,1.0,0.0,1.0,1.0,0.0,
clipgt-2c9a4206-432a-45f6-8507-98a8648621ca,heldout763,1,0.08800033064141745,60.96491228070175,60–80,9.457259238189252,20.641308990209595,189.17377228545763,0.8122086103053721,0.18779138969462794,0.15023311175570236,0.0,0.0,
clipgt-2c9a5309-e6e3-45d6-b30f-c1ed724bf7a6,heldout763,1,-1.6346999706984398,7.12719298245614,0–20,2.3936536477498627,0.5052403350560275,47.717511473485395,0.0,1.0,1.0,0.0,0.0,easy100
clipgt-2cb1caf7-ec7a-460c-9354-14cabbc60263,heldout763,1,-0.1584904730437156,54.166666666666664,40–60,12.857333030557514,0.16751377770476533,257.15109367143475,0.0,1.0,0.8995948249168665,0.0,0.0,
clipgt-2ce64e22-57fe-4d5f-a0ea-2d1825b01ea9,heldout763,1,-1.3040353422989415,16.99561403508772,0–20,4.681683158456258,0.6521135783658301,93.66296500323806,0.0,1.0,0.9743983434199878,0.0,0.0,
clipgt-2d023524-451d-4dff-89aa-0ec40f42e456,heldout763,1,-1.2865387004530362,17.982456140350877,0–20,4.63921070401721,1.3121772623350825,93.03830698537959,0.0,1.0,1.0,0.0,0.0,
clipgt-2d10a08d-2f60-49fe-94e8-9d2797a289d2,heldout763,1,-0.6395210584641428,37.60964912280702,20–40,9.363188756687137,0.6145966161182337,187.0086366069926,0.0,1.0,0.950884031698628,0.0,0.0,
clipgt-2d2673a0-cc80-4ba5-ae72-0588836ed07e,heldout763,1,-0.8757944770501316,30.92105263157895,20–40,6.085196811222835,7.063277884121428,122.28618033399577,0.10835392442539837,0.8916460755746016,0.7133168604596813,0.0,0.0,
clipgt-2da7fb57-852c-43dd-b3fa-f64b88d49fe4,heldout763,1,1.5131461127662178,83.55263157894737,80–90,2.283457229251701,89.21997456513077,45.53392158777803,1.0,0.0,0.6770789798980112,1.0,0.0,
clipgt-2de37b03-deac-43f7-93ef-f56f520dbd0f,heldout763,1,0.44874932554452296,68.75,60–80,14.826448207893394,9.342411547850071,296.73417809369755,0.021488006351445432,0.9785119936485546,0.7828095949188437,0.0,0.0,
clipgt-2e109d83-cefb-4c81-ba3e-012700335c5c,heldout763,1,0.35212929420429023,66.44736842105263,60–80,15.455142232376268,4.125299353165605,309.52239769580484,0.29972178544468886,0.7002782145553111,0.5602225716442489,0.0,0.0,
clipgt-2e1ce314-9498-4a16-ab3a-837e6da25bf7,heldout763,1,1.3065189865569573,80.37280701754386,80–90,14.374991019376617,35.19755953690512,287.51551356130324,0.7500166068307579,0.24998339316924212,0.1999867145353937,0.0,0.0,
clipgt-2e76251a-fb78-44a3-9501-bdf5d7447a3b,heldout763,1,-1.4490026324851877,12.390350877192983,0–20,2.2425511597469274,6.315443474209585,44.76205162593605,0.0,1.0,0.9998926476118294,0.0,0.0,easy100
clipgt-2eafba22-31a0-48e0-84ea-41c97a18f557,heldout763,1,-0.6138947180721347,38.26754385964912,20–40,9.364409413435586,1.3283687050593196,187.50711202785004,0.930329421382508,0.0696705786174921,0.055736462893993685,0.0,0.0,
clipgt-2f380e80-0b15-4d00-a03b-a107106ab0c9,heldout763,1,2.54190117044318,94.73684210526316,90–100,8.940732631074617,91.51637890340572,178.35888234792543,0.5311454300976852,0.46885456990231483,0.3750836559218519,0.0,0.0,hard100
clipgt-2f474f6d-509a-483e-ad4d-43fee7b4fb06,heldout763,1,-1.1452378685413362,23.57456140350877,20–40,5.872686913612895,0.3548743013765861,117.51366087787686,0.6053251959844981,0.3946748040155019,0.31573984321240156,0.0,0.0,
clipgt-2fe500f7-de7e-4291-83b0-4db00357016f,heldout763,1,1.4973567519883213,83.33333333333333,80–90,23.541206481207094,3.989117126223634,470.78597218376046,0.5667416989968039,0.43325830100319607,0.3466066408025569,0.0,0.0,
clipgt-30063806-4116-4bdf-976f-d10b1df7d9e2,heldout763,1,0.39783046478840967,67.87280701754386,60–80,14.419408608069979,9.537998329180535,288.37172593405944,0.46610224239337195,0.533897757606628,0.42711820608530243,0.0,0.0,
clipgt-307a1b77-7fce-4427-8175-4ac14d0147d2,heldout763,1,1.3578818232014298,80.81140350877193,80–90,8.577795426454268,59.76046550898496,171.47573372019576,0.6365034383311959,0.36349656166880406,0.29079724933504325,0.0,0.0,
clipgt-3080d0eb-830c-4035-a7a4-393ae04556c1,heldout763,1,1.234633156422866,79.16666666666667,60–80,17.503485338088417,20.70343491761188,350.0721034567771,0.0,1.0,0.9869461361079269,0.0,0.0,
clipgt-31390e97-294f-4bfa-bc01-951fbed5a121,heldout763,1,-1.7120365794190169,4.714912280701754,0–20,0.9280954292053587,4.18197119533841,18.231410016988104,0.0,1.0,0.998012754732272,0.0,0.0,easy100
clipgt-317fbc5f-bffa-4c17-b143-f214d9453d8d,heldout763,1,1.401833263137013,81.46929824561404,80–90,9.12994023069716,58.79072835293755,182.63267376347972,0.18471803742984483,0.8152819625701552,0.6522255700561241,0.0,0.0,
clipgt-31ab4b94-98ef-448f-bb1f-e16bc8d5b832,heldout763,1,-1.01869447700299,27.74122807017544,20–40,6.761456483276849,0.35861513860435357,135.76787514525464,0.0,1.0,0.9799243471712616,0.0,0.0,
clipgt-31b9fb57-75f3-4276-8926-9e84d75ab1fc,heldout763,1,0.7014105230877343,72.58771929824562,60–80,18.900053778183434,0.17993091738110012,378.0941137558526,0.30752929204794266,0.6924707079520573,0.5539765663616459,0.0,0.0,
clipgt-320c11f3-42e6-4179-b4d1-23fd4be62feb,heldout763,1,-0.16127548144465842,54.05701754385965,40–60,12.768606991083928,0.4433038928664078,255.5131477251645,0.4501741988614901,0.5498258011385099,0.43986064091080795,0.0,0.0,
clipgt-3225dbf8-76e8-4189-af3e-e20154442da8,heldout763,1,-1.7873233832166946,3.6184210526315788,0–20,1.1444967445892513,1.2075671764496099,22.93651401469287,0.0,1.0,1.0,0.0,0.0,easy100
clipgt-322caa08-a1af-4b5f-bfb6-d99beacf5596,heldout763,1,-0.3081578651785118,50.6578947368421,40–60,11.830696629153442,0.06519727922126067,236.73680045071941,0.310112112941321,0.689887887058679,0.5519103096469432,0.0,0.0,
clipgt-3232fdb7-2b72-4e25-8726-4d9b28281e1e,heldout763,1,2.666434292202589,95.72368421052632,90–100,6.777988769929194,103.63492841372229,135.4143963423955,1.0,0.0,0.4504670169436035,1.0,0.0,hard100
clipgt-325f6c39-d822-4ecf-9cd2-e6afc69b0f7e,heldout763,1,1.3670413839288775,80.92105263157895,80–90,23.532568817838083,0.36912857909583274,470.66690050767113,0.4175166225436252,0.5824833774563748,0.46598670196509984,0.0,0.0,
clipgt-329d688f-573d-4a36-b624-71f56d173bd9,heldout763,1,-0.11340837806969417,55.921052631578945,40–60,11.930285969674525,5.129347739172593,238.4144160338304,0.0,1.0,0.9900860327419014,0.0,0.0,
clipgt-339deecd-ef83-4e22-8bc9-2b6cf2a5f9b4,heldout763,1,1.2350202430810895,79.27631578947368,60–80,21.915871748111584,3.115166599949274,438.2189787046954,1.0,0.0,0.23479257532216666,1.0,0.0,
clipgt-33fe94ae-7e43-4c2f-bb0e-b23fc677f957,heldout763,1,-1.7227059573857626,4.495614035087719,0–20,1.409702655406334,1.9618439138614863,28.318236527227274,0.9613424090595498,0.03865759094045018,0.03092607275236015,0.0,0.0,easy100
clipgt-34226720-8869-4f9b-ac91-76bdc4f80afc,heldout763,1,0.47598994636051334,69.29824561403508,60–80,12.603952900335694,18.97090548617011,252.07851055219626,0.0,1.0,1.0,0.0,0.0,
clipgt-343fcaaa-39ec-4f65-b2da-8e7c87fd40bf,heldout763,1,-1.8883452557858427,1.206140350877193,0–20,0.6476877783055738,0.3561642820682369,12.948670338377871,0.0,1.0,0.9892061275551778,0.0,0.0,easy100
clipgt-348210ac-6ad8-425c-8797-f2babe6c8850,heldout763,1,-0.007924741076637432,58.99122807017544,40–60,13.936039430090974,0.08733749947370899,278.6129331868668,0.0,1.0,0.8429281602045904,0.0,0.0,
clipgt-34f76732-139a-467b-a4f5-4d881add96a8,heldout763,1,0.45650332312118375,68.85964912280701,60–80,13.543386119344941,14.677443549777175,270.9336217377693,0.0,1.0,0.8120369582422748,0.0,0.0,
clipgt-352260e7-744e-4c0a-aeed-fb6f25ae9804,heldout763,1,-1.1148014671480746,24.890350877192983,20–40,4.747463445454343,5.696439315196441,94.3682460462159,0.0,1.0,1.0,0.0,0.0,
clipgt-35544675-e8b6-4eae-969d-e276b8f2059a,heldout763,1,0.18937596492209963,63.48684210526316,60–80,14.794322125751535,2.196928414257025,295.96002708373726,0.5602256982088746,0.4397743017911254,0.35181944143290034,0.0,0.0,
clipgt-35953aac-81c1-4815-a5d5-4134c08edaa6,heldout763,1,-0.6929700789403107,36.51315789473684,20–40,7.667520017757809,5.879020838408466,153.69867203553787,1.0,0.0,0.24076268580892696,0.0,1.0,
clipgt-35b7b92a-b64d-4b54-afbb-d23f0b4df598,heldout763,1,1.124673704644785,78.0701754385965,60–80,18.587258183574363,13.297129773964967,371.6864750529462,0.0,1.0,1.0,0.0,0.0,
clipgt-35e082a4-8543-4fce-ac06-006b2da0f144,heldout763,1,-1.699970961093314,5.1535087719298245,0–20,1.7194030369429492,1.3641401241070208,32.09620258680006,0.0,1.0,0.9972426779097275,0.0,0.0,easy100
clipgt-36509650-f204-40e4-97bd-7d8ae7422c71,heldout763,1,-1.6457248063227703,6.68859649122807,0–20,2.1483529741417238,1.1744698473682877,42.18752109782074,0.0,1.0,0.9993870236766934,0.0,0.0,easy100
clipgt-36626308-fe08-4180-abc6-76ef1fa1cb39,heldout763,1,-1.0719174928315593,26.31578947368421,20–40,5.022601320902038,5.801629404724178,100.46127619867384,0.9900655713499278,0.00993442865007223,0.007947542920057785,0.0,0.0,
clipgt-3689391b-2b63-450b-9878-3804c70583ea,heldout763,1,0.8647120444286605,75.0,60–80,17.49973173240976,10.344689888451947,349.97607313183255,0.5918142916043432,0.4081857083956568,0.3265485667165255,0.0,0.0,
clipgt-36ab7dc2-e766-4474-ac8d-8cdc4e266ca3,heldout763,1,-1.4062473879168294,13.81578947368421,0–20,3.826044959042898,1.1985510376484363,76.13886627909964,0.0,1.0,1.0,0.0,0.0,easy100
clipgt-37113280-a033-4be4-afdd-cb199299e028,heldout763,1,-0.9956195004955755,28.17982456140351,20–40,6.880163438361755,0.5322365733322635,137.74989714792716,1.0,0.0,0.4478280424561704,1.0,0.0,
clipgt-3717cd19-ac06-4d95-8225-0b92c04ada41,heldout763,1,2.287609902078868,92.4342105263158,90–100,27.694425674154804,9.584810251299647,553.8897940944041,0.0,1.0,1.0,0.0,0.0,hard100
clipgt-37ca44b5-43c4-4ff9-9106-fc4bef41be49,heldout763,1,-1.5641676028848563,8.442982456140351,0–20,1.985725936322978,4.110232393748417,39.12222582917654,0.0,1.0,0.994083226645178,0.0,0.0,easy100
clipgt-383b178b-2e94-4998-9cff-d147d3b859a3,heldout763,1,-0.8727385787700929,31.25,20–40,6.94110779230926,3.7351115324703583,138.5508464952515,1.0,0.0,0.4967209747278864,0.0,1.0,
clipgt-38e9aaaa-1a5e-4b6e-8991-ec266bdedc78,heldout763,1,0.19775107837315276,63.70614035087719,60–80,15.35411844071288,0.19900391941492726,306.9334629037247,0.0,1.0,1.0,0.0,0.0,
clipgt-3948d3e6-fc32-4a96-a590-7c6db2470a06,heldout763,1,-0.7722877588886965,33.88157894736842,20–40,8.433454989514448,0.5997238858616616,168.6190263809528,0.0,1.0,1.0,0.0,0.0,
clipgt-39875322-9804-49ef-afe2-93719b034d37,heldout763,1,-0.17984336685860491,53.50877192982456,40–60,12.396471265892043,1.4068940841018365,247.91197377982104,0.0,1.0,0.8025693449448585,0.0,0.0,
clipgt-39973d65-0c1a-4401-91a0-f0c389e15688,heldout763,1,0.1013298778825047,61.18421052631579,60–80,13.52652518730241,4.784547611924248,270.569845508042,0.2880457890209025,0.7119542109790975,0.5695633687832781,0.0,0.0,
clipgt-39f3ab94-d506-421a-9f85-3b7dd00094c1,heldout763,1,2.3534678642599367,92.76315789473684,90–100,8.495072464572093,88.0096820305891,169.5034567204089,1.0,0.0,0.5556922759339928,1.0,0.0,hard100
clipgt-3a1341fc-81a0-47b6-8955-bdeb4a709d20,heldout763,1,-1.6660386061650736,6.030701754385965,0–20,2.0819046122848484,0.8698430387350663,41.63838435249926,0.0,1.0,1.0,0.0,0.0,easy100
clipgt-3a18e43a-4c52-4082-9e8f-bf37ffe5a86f,heldout763,1,-0.3774652301474889,48.026315789473685,40–60,11.07154940932118,1.1495210969464618,221.38788247714734,0.0,1.0,0.9800612202706598,0.0,0.0,
clipgt-3a75ba12-03c4-45b3-bbff-25237729cb3a,heldout763,1,0.0015579385866247297,59.10087719298246,40–60,12.776314536402365,4.978907668650618,255.92900639809756,0.0,1.0,0.9115872986692448,0.0,0.0,
clipgt-3abb7821-04dd-48c8-bda9-4326844b611f,heldout763,1,0.3762056627096718,66.99561403508773,60–80,11.023788464793654,22.475250270300187,220.3246959303087,1.0,0.0,0.20675040872739406,0.0,1.0,
clipgt-3ae073df-35b6-45af-b73d-00d6bef41ff2,heldout763,1,-0.01824482009966044,58.55263157894737,40–60,5.742383374009656,32.47892280159682,114.848851418078,0.23521575408603101,0.764784245913969,0.6118273967311753,0.0,0.0,
clipgt-3b934c9a-3172-4a85-91a0-6e3fd0c9f05c,heldout763,1,2.45425300815527,93.85964912280701,90–100,8.662637071843083,90.16766135030747,173.56596492145627,1.0,0.0,0.04578620292543257,1.0,0.0,hard100
clipgt-3b9f9fa6-c966-41a5-9a6c-c64374d97e7c,heldout763,1,0.37060164639336224,66.8859649122807,60–80,3.7620923855771227,51.28189835759726,74.68390432742305,0.18936835235934424,0.8106316476406558,0.6485053181125247,0.0,0.0,
clipgt-3bfdcef1-9b39-4c54-b9a9-dbe662aaefa3,heldout763,1,-1.1709075080112377,22.587719298245613,20–40,5.450018492489198,1.3208629673680732,108.58341232839338,1.0,0.0,0.5600643026149964,1.0,0.0,
clipgt-3c772c77-a319-40a4-a7ec-ad96d92abbb3,heldout763,1,0.03419559941213146,59.75877192982456,40–60,12.84009209731914,5.639785820999234,256.6214056887544,0.5268049970073194,0.4731950029926805,0.37855600239414444,0.0,0.0,
clipgt-3cd82dee-d715-4152-a696-f49bc0e98dfd,heldout763,1,-1.6019160877430463,7.785087719298246,0–20,2.6302879079331865,0.480767512589051,52.63556161491965,0.014887450737136043,0.985112549262864,0.7880900394102912,0.0,0.0,easy100
clipgt-3d1e57dc-7301-4c0a-88f9-91d0c58476b4,heldout763,1,-1.3563810285385918,15.679824561403509,0–20,4.311893561676653,0.659113479675975,85.64162627425587,0.0,1.0,1.0,0.0,0.0,
clipgt-3d343ae9-6d5b-415f-be2c-aa8d0ebc03c9,heldout763,1,-0.09229571030014261,56.578947368421055,40–60,13.268555860334711,0.3836247764872076,265.63663857794336,0.46727709428908026,0.5327229057109197,0.42617832456873583,0.0,0.0,
clipgt-3d66c2ae-f62e-4431-aab7-f68ffd0e4de3,heldout763,1,-1.2029265136430785,21.49122807017544,20–40,4.934484689157559,2.4791963514396076,98.92051026617443,0.0,1.0,0.9030209305266117,0.0,0.0,
clipgt-3e18388c-aa5b-4152-99bd-f93e570bd2ff,heldout763,1,0.06216908555800632,60.30701754385965,60–80,13.040496192711517,5.624921437681342,260.6931513850285,0.7142710601183039,0.2857289398816961,0.2285831519053569,0.0,0.0,
clipgt-3e73027c-2d42-471e-bbdd-364cd9d5d989,heldout763,1,-0.5051300312803635,42.21491228070175,40–60,7.924099040254287,10.12324479699479,158.5343469738698,0.0,1.0,0.9986010799809841,0.0,0.0,
clipgt-3ece7254-60dd-49ef-a846-f14e2fd00927,heldout763,1,-1.11910455909616,24.56140350877193,20–40,4.996363732511551,4.583010630923866,100.09926874826209,1.0,0.0,0.3546439959969825,0.0,1.0,
clipgt-3f222d30-0256-4de7-b2af-acce198c721d,heldout763,1,-1.2124728329589254,20.94298245614035,20–40,5.458447578327664,0.12162442527532043,109.01626380128158,0.0,1.0,1.0,0.0,0.0,
clipgt-3f7c3b2f-2cb3-4443-a60e-ceaf1133c704,heldout763,1,0.3367282672357848,65.89912280701755,60–80,10.367169211492033,23.987157204642244,207.1961448501366,0.0,1.0,0.9750560263907536,0.0,0.0,
clipgt-3f80214b-4e87-465d-9704-bb03f2bf01e1,heldout763,1,-1.3694294039166626,14.912280701754385,0–20,4.3333825271838045,0.20748692690430584,86.38347824300327,0.10316452825211142,0.8968354717478886,0.7174683773983109,0.0,0.0,
clipgt-3fedd4d3-e529-475e-97e8-fbd5eac89976,heldout763,1,-0.40250313960977724,47.36842105263158,40–60,11.097122043774503,0.34538342011578516,222.08864081132646,0.6104119844926216,0.3895880155073784,0.31167041240590276,0.0,0.0,
clipgt-404cc92f-193e-4948-b600-77ddc425dcf0,heldout763,1,-0.13143876408321842,55.37280701754386,40–60,12.976249221471159,0.45182037058337193,259.5170471668156,1.0,0.0,0.8461004467975192,1.0,0.0,
clipgt-411ee080-8d8a-4ba5-a6f0-4a19b939ee1f,heldout763,1,2.5740672868872694,95.0657894736842,90–100,7.415174639082315,98.50321370543249,147.83844272436983,0.20756664279854775,0.7924333572014522,0.6339466857611619,0.0,0.0,hard100
clipgt-41424eff-22b8-4b7d-8cc9-3197c3dc2825,heldout763,1,0.7861629321241248,73.90350877192982,60–80,18.962567202127932,2.3073077064134697,379.4853058546745,0.0,1.0,1.0,0.0,0.0,
clipgt-422069cd-229d-48af-8482-227066c3e55e,heldout763,1,-0.4836041158940326,43.20175438596491,40–60,10.117860579827036,1.976920032510423,202.91401908898845,0.4808372260448428,0.5191627739551572,0.4153302191641258,0.0,0.0,
clipgt-4228c50e-e240-4b1e-9d70-e5b61dad1183,heldout763,1,-1.8750912100230381,1.7543859649122806,0–20,0.7606729515333205,0.2771985986070585,14.82797160245862,0.0,1.0,0.9999992110858723,0.0,0.0,easy100
clipgt-422c7297-849e-4d02-9ee7-c696f42d4b82,heldout763,1,0.3889632093654545,67.54385964912281,60–80,16.69612449154334,0.20848690915404808,333.8540810310778,0.0,1.0,1.0,0.0,0.0,
clipgt-428a3ed5-1ecc-46e5-9c9e-4a5ba8fe2262,heldout763,1,-0.426792314167276,46.16228070175438,40–60,10.830878270194534,0.7261734752052666,216.84727265922876,0.0,1.0,0.947679719540126,0.0,0.0,
clipgt-43e7ed53-d38f-4b04-9225-bfcc3875ebb5,heldout763,1,0.677975689783515,72.36842105263158,60–80,5.02199096650096,54.87640736705457,100.3162070449085,0.28492904279169473,0.7150709572083053,0.5720567657666442,0.0,0.0,
clipgt-44409f00-9b06-4103-86d7-d48e41a539e0,heldout763,1,-0.8800239894680251,30.70175438596491,20–40,7.577451194035445,0.9927045517505267,151.08684070786666,0.0,1.0,1.0,0.0,0.0,
clipgt-44bec16c-7622-4e23-810d-54f44959a9ee,heldout763,1,-1.2707142661751392,18.640350877192983,0–20,4.896209566960271,0.7308840620581541,97.67733835598466,1.0,0.0,0.7660090069322396,0.0,1.0,
clipgt-44df49fe-0729-4c30-98d0-5a40f43b7b09,heldout763,1,-1.2820234126144974,18.20175438596491,0–20,4.830978879973876,0.673918422190674,82.58262164948364,0.0,1.0,0.9996405090665513,0.0,0.0,
clipgt-44e97708-8896-49ac-b046-cd489253bcfe,heldout763,1,1.404347260250923,81.57894736842105,80–90,4.4714662605412325,77.4418900028274,88.9484614929136,1.0,0.0,0.4833707564729664,1.0,0.0,
clipgt-4530d50a-8c39-4929-b55d-ea657d5e863d,heldout763,1,-0.6093300378641535,38.59649122807018,20–40,9.696859621269361,0.13037448403908167,193.8818823213059,1.0,0.0,0.3673998384096954,1.0,0.0,
clipgt-454da34d-3b1c-4cfe-bfd7-066c5fdd240f,heldout763,1,1.0012547003573478,76.8640350877193,60–80,11.114998507379195,39.639734348926375,222.32993682737748,1.0,0.0,0.5547946936192545,0.0,1.0,
clipgt-455160cf-9eba-42d1-b0ed-bca84a4bd61b,heldout763,1,-1.4140056467788187,13.596491228070175,0–20,3.331775213441407,2.9524165398719897,66.19560905176026,0.0831999759415264,0.9168000240584736,0.7334400192467789,0.0,0.0,easy100
clipgt-45727fa6-6f3b-4a4c-a7d2-0e1d35328a7a,heldout763,1,-1.3010908518853845,17.43421052631579,0–20,3.1342294804469613,6.906817368083478,62.731766549497465,0.0,1.0,1.0,0.0,0.0,
clipgt-45eb781a-8712-4fd9-8563-02ef9800eacd,heldout763,1,3.5994336224656287,99.78070175438596,90–100,35.440738795100586,15.475617519312047,708.7886980761258,0.0,1.0,0.8695717462290184,0.0,0.0,hard100
clipgt-45fed0d9-1f8d-4d36-a15e-efb4c33eca6c,heldout763,1,3.157432456125338,98.35526315789474,90–100,33.0383938251762,12.662483585060603,660.7771651592527,1.0,0.0,0.31695925490756893,1.0,0.0,hard100
clipgt-460a9160-90dd-448b-beef-afbf75a33d7c,heldout763,1,2.1486876522325895,91.2280701754386,90–100,8.411605334778057,82.5999348340927,168.2338169857399,0.34168107012493054,0.6583189298750695,0.5266551439000556,0.0,0.0,hard100
clipgt-46252225-453d-474c-963c-bc0cd917e7e4,heldout763,1,-0.5521700677542181,40.89912280701754,40–60,9.7329534935145,1.5893514041587267,195.16762202827178,0.520243763276369,0.47975623672363105,0.38380498937890484,0.0,0.0,
clipgt-4627a337-8422-47af-a6db-d69cf7c155fb,heldout763,1,-0.047700522605767126,57.89473684210526,40–60,13.009944946309215,2.665698291400666,260.2090704062295,0.0,1.0,0.8996681416369621,0.0,0.0,
clipgt-474e4031-322b-4427-a5fb-0eec4ae23264,heldout763,1,2.9175994762540016,97.4780701754386,90–100,9.849172209663513,98.42872841550326,196.52548421398473,1.0,0.0,0.8739430844449309,1.0,0.0,hard100
clipgt-476d7af6-0b07-49fc-8d3b-6ebdb154efc2,heldout763,1,-1.2312772352984998,19.95614035087719,0–20,5.317595944204422,0.15608857854731562,106.56710070171438,0.03666766988040049,0.9633323301195995,0.7706658640956796,0.0,0.0,
clipgt-47b294a9-d611-41a6-b724-a41474838440,heldout763,1,-0.8652769541378538,31.469298245614034,20–40,5.0199946415543435,11.606857470781808,100.50705730145093,0.0,1.0,0.9912933118270236,0.0,0.0,
clipgt-4832dde8-363e-4f96-98b2-f299ddc5478e,heldout763,1,-1.4477914410754718,12.5,0–20,3.478948994796797,1.4179464845557395,69.56483682328792,0.0,1.0,1.0,0.0,0.0,easy100
clipgt-4848b5fd-72a8-4594-a2eb-9d5702f694e0,heldout763,1,-0.1330606686197363,54.93421052631579,40–60,13.014835597703387,0.2524326573144086,260.32019361558025,0.0,1.0,0.9349839416854482,0.0,0.0,
clipgt-48a48ad9-bc17-4543-a1b0-9e22fc02d8b6,heldout763,1,-1.5137584780754976,9.868421052631579,0–20,3.1750561442377103,0.780128199206044,63.308098617445054,0.26469275903936984,0.7353072409606302,0.5882457927685042,0.0,0.0,easy100
clipgt-48a50c2a-ab84-4249-aa38-d983b3466e64,heldout763,1,-0.40686737822243774,47.14912280701754,40–60,7.169031356765937,15.890471626082192,143.5915937727757,0.7588378286565752,0.2411621713434248,0.19292973707473984,0.0,0.0,
clipgt-48c8d69a-7e42-4615-a260-ac27faa07e7f,heldout763,1,3.2014599065402107,98.46491228070175,90–100,13.907524718349535,90.2020073987772,278.1326687474893,0.0,1.0,0.8503614256373487,0.0,0.0,hard100
clipgt-497bf4e1-dfc1-44f2-b112-93c3f24542cf,heldout763,1,0.04464578620697546,59.978070175438596,40–60,14.298540821225563,0.11571236412370023,285.92648092670163,0.0,1.0,0.852650413873972,0.0,0.0,
clipgt-49b58a05-9a02-4dba-b958-a484386c5dc2,heldout763,1,0.07992417637015792,60.6359649122807,60–80,14.118176334006083,1.824422900266263,282.4495503992052,1.0,0.0,0.21069224899524738,0.0,1.0,
clipgt-49d7436d-b1c2-4c49-a4d6-4c64f6f354a0,heldout763,1,1.3550533870616526,80.59210526315789,80–90,9.800555946797267,54.80407845789002,195.85649405301405,0.7561667308565773,0.2438332691434227,0.19506661531473818,0.0,0.0,
clipgt-49e0ea24-2925-4fae-b590-3f725c1063d5,heldout763,1,1.3578317216838443,80.70175438596492,80–90,7.33385901848488,64.72059114670947,146.55925511100259,0.36408747386769313,0.6359125261323069,0.5087300209058455,0.0,0.0,
clipgt-4a091b74-4ba0-46e3-90bb-be1370076319,heldout763,1,3.3113940532487414,98.79385964912281,90–100,26.555660599748904,42.83688841294339,531.1457781929623,0.0,1.0,0.911683811754796,0.0,0.0,hard100
clipgt-4a495c2d-2bec-4591-a304-09ab964538ef,heldout763,1,-1.8714378991538188,1.8640350877192982,0–20,0.8244708256860115,0.12518613017408514,16.500908283899705,0.0,1.0,1.0,0.0,0.0,easy100
clipgt-4a6f01d5-97bf-44f2-81c5-8e88b439d268,heldout763,1,-1.0585454145704132,26.864035087719298,20–40,4.852404326219003,6.855466340195967,97.13638547447206,0.16158534913612377,0.8384146508638762,0.670731720691101,0.0,0.0,
clipgt-4ae4dc15-541f-4efd-bb02-032540ab2998,heldout763,1,1.5655966573205673,84.10087719298245,80–90,2.1638191627905554,91.1680329640561,43.22590443433732,0.42724747398462704,0.572752526015373,0.4582020208122984,0.0,0.0,
clipgt-4b673ab0-c718-4e65-b6a7-89d85608fdec,heldout763,1,3.472417039386597,99.23245614035088,90–100,35.43747565568208,11.926700288353713,708.7353062512797,0.5958987763530414,0.40410122364695855,0.32328097891756685,0.0,0.0,hard100
clipgt-4bad2f63-1bab-4dbf-b55d-4a6606969103,heldout763,1,3.098276070328162,98.24561403508773,90–100,1.46874577342222,136.92139035078347,29.51193023830831,1.0,0.0,0.11081551345148857,1.0,0.0,hard100
clipgt-4bd800df-199e-4503-a84b-c9de05caaeaa,heldout763,1,1.5362160853581166,83.7719298245614,80–90,5.03233334716143,78.90283509437064,100.48375960297881,0.9912521282427872,0.008747871757212764,0.006998297405770211,0.0,0.0,
clipgt-4cb7f7ac-edf4-4857-b841-2d0f46eb43f7,heldout763,1,-1.2093276450641546,21.05263157894737,20–40,5.481339834325391,0.1185176650072167,109.73525288178195,0.42086219901498234,0.5791378009850177,0.46331024078801414,0.0,0.0,
clipgt-4ccb410f-907e-47d9-897c-56db0a8c5f71,heldout763,1,-1.468614531369357,11.293859649122806,0–20,3.636123090413894,0.20710321770371323,72.67385011504282,0.21274308363979033,0.7872569163602097,0.6298055330881678,0.0,0.0,easy100
clipgt-4ce9f18b-d251-4bfc-a72d-58bac48fd525,heldout763,1,-0.9737595839057055,28.837719298245613,20–40,6.91518753330834,1.0055591816209921,137.86520368897828,0.5204730695238848,0.47952693047611517,0.38362154438089213,0.0,0.0,
clipgt-4cfd325d-76ec-4ee4-abb3-d7b174ea67dc,heldout763,1,-0.7611674887280176,34.42982456140351,20–40,8.541956413183637,0.4788043851717612,170.2056879318976,0.13374005008906342,0.8662599499109366,0.6930079599287493,0.0,0.0,
clipgt-4d9be4c7-0205-4f2e-b187-e98a1402b2ec,heldout763,1,-0.8736020776191455,31.140350877192983,20–40,7.461416393533534,1.6356077749319333,148.94158133570932,0.0,1.0,0.9725927549323071,0.0,0.0,
clipgt-4e8c8f9e-f530-49d1-ba11-d05c96acba1d,heldout763,1,-0.45693978533517704,44.51754385964912,40–60,10.467124788197433,1.3316035689139443,209.56297003370048,0.6736170238175855,0.3263829761824145,0.26110638094593164,0.0,0.0,
clipgt-4ebbe43e-5d3c-4689-ba5a-521947231b77,heldout763,1,-0.6768546568932419,37.06140350877193,20–40,5.198105623156697,16.18038495970931,104.01519579060891,0.4452792416088217,0.5547207583911783,0.44377660671294267,0.0,0.0,
clipgt-4ec84bcf-76d9-41bb-93e2-ffa5147f94c0,heldout763,1,-0.7428730533261717,34.978070175438596,20–40,4.593112228438022,16.742087770775626,91.80111527000429,0.0,1.0,0.9574144312516505,0.0,0.0,
clipgt-4ecc114d-4c76-49bb-874c-601561d738bb,heldout763,1,-0.2146823882706137,53.07017543859649,40–60,11.271023161702802,4.918833073401002,226.18557971735646,0.5679587100902679,0.43204128990973206,0.34563303192778566,0.0,0.0,
clipgt-4ed20121-2bf6-473a-b02f-90811b9bcb58,heldout763,1,0.6431409445273928,71.71052631578948,60–80,17.719494750884753,3.2546195171804624,355.1031323374998,0.8226437729877615,0.17735622701223852,0.14188498160979082,0.0,0.0,
clipgt-4efa3c16-8188-4c7d-9fc1-345888bca8a5,heldout763,1,-1.0693045946804842,26.42543859649123,20–40,6.364925048973274,0.5209474370252223,127.58201498494032,0.4009070826740968,0.5990929173259032,0.47927433386072255,0.0,0.0,
clipgt-4f33ba35-9d49-4f66-9408-a2896173d04b,heldout763,1,-0.45141416051931876,44.73684210526316,40–60,10.178864117632543,2.6363075506256384,204.01538890137635,0.725727222612745,0.274272777387255,0.219418221909804,0.0,0.0,
clipgt-4f94f84a-10b7-448f-b904-0222058e5915,heldout763,1,-0.3876044321229685,47.80701754385965,40–60,10.640493439563727,2.584484957890991,212.8171173719009,0.6512760534018144,0.3487239465981856,0.2789791572785485,0.0,0.0,
clipgt-518b91d7-c8d7-4863-92b8-c59caa8128ad,heldout763,1,-0.7967103524165768,33.1140350877193,20–40,8.324857610917263,0.34798837900386276,166.53563068449301,0.0,1.0,1.0,0.0,0.0,
clipgt-51aee21d-dbab-40e8-8238-9b641a89244b,heldout763,1,0.48731305385428153,69.51754385964912,60–80,12.773948908729224,18.610398549220147,255.51384399605635,1.0,0.0,0.238030544381859,1.0,0.0,
clipgt-51f8799f-cb4a-44b8-9c27-2af8b9d30f2a,heldout763,1,-0.32774321691930675,49.671052631578945,40–60,11.689966189770098,0.07727783470046645,233.80803473910788,1.0,0.0,0.37274902067874927,0.0,1.0,
clipgt-5240502c-001a-4f02-aed9-da86a4d307d1,heldout763,1,3.3347503976980915,98.90350877192982,90–100,34.284563908029135,12.664579827458454,685.6246443691203,0.0,1.0,0.981051563490221,0.0,0.0,hard100
clipgt-524089d2-9ef6-4529-a3e3-6bdcda7ed3c6,heldout763,1,1.3055164159668673,80.26315789473684,80–90,21.95778949916674,4.924902369510554,439.1214476389582,1.0,0.0,0.6928412358376868,1.0,0.0,
clipgt-5266c7c9-e038-4555-b0b1-407521a5ec51,heldout763,1,-1.8034807327398958,3.0701754385964914,0–20,1.301358914378794,0.1288096541291297,25.97578281087297,0.0,1.0,0.960588191557123,0.0,0.0,easy100
clipgt-53217e76-be75-4714-96ce-eff459f8e1ab,heldout763,1,0.1257767486917305,61.51315789473684,60–80,12.299176532392796,10.365481633651779,246.13411505107797,0.6989910726354551,0.3010089273645448,0.24080714189163585,0.0,0.0,
clipgt-535b24e1-d287-4f1a-ac71-de628c68e4cc,heldout763,1,-0.00907702996369475,58.88157894736842,40–60,13.609442817354823,1.3576780950113407,272.3918947773526,0.3416963782720003,0.6583036217279997,0.5266428973823998,0.0,0.0,
clipgt-53a5e342-5254-4ea1-ad73-020f83a8875f,heldout763,1,-0.8061698199194222,32.675438596491226,20–40,8.23110185797607,0.4566676752862134,164.5716081246761,1.0,0.0,0.42900989093078123,1.0,0.0,
clipgt-549c2925-f917-4b01-a6b4-9124e0758ae9,heldout763,1,0.7308928741477008,73.1359649122807,60–80,13.232400526498926,23.612552290305928,264.66300656710644,0.6829399434046806,0.31706005659531944,0.25364804527625556,0.0,0.0,
clipgt-54a63683-73a9-4621-9c67-4da295e04424,heldout763,1,-1.7969030633219043,3.508771929824561,0–20,1.2504387090071718,0.5163665066221991,25.042953431020468,0.0,1.0,1.0,0.0,0.0,easy100
clipgt-54eae82b-a69d-40f2-959b-8ef87b97fc93,heldout763,1,-1.991508937434159,0.6578947368421053,0–20,0.003019514677152093,0.0344460645320555,0.060314757273403054,0.0,1.0,0.8032733059831585,0.0,0.0,
clipgt-54fb3005-89cc-4ee3-9064-43f057467468,heldout763,1,0.14418300045229915,62.06140350877193,60–80,15.021901569133528,0.02186268747978229,300.43737353771496,0.6520073476151809,0.3479926523848191,0.2783941219078553,0.0,0.0,
clipgt-559d4ad6-aed7-4065-b25c-cff64aba28c0,heldout763,1,-1.350024948843987,16.00877192982456,0–20,3.8203549490125646,2.7978947739738698,76.61240733413183,0.0,1.0,0.9998715369135613,0.0,0.0,
clipgt-55b7be99-88a0-41b7-b46b-e96509c2d38c,heldout763,1,0.40340624368579514,68.09210526315789,60–80,16.064814200180788,3.131540567209114,321.26217218494685,0.0,1.0,1.0,0.0,0.0,
clipgt-55cc9873-fd30-419a-a8ef-8f8f287f4c30,heldout763,1,1.6497676786269029,85.08771929824562,80–90,6.426012457983063,76.52837792517003,128.5729261117938,0.7313019698679107,0.26869803013208926,0.21495842410567143,0.0,0.0,
clipgt-55d152b1-48be-4eed-b808-fa8300f5d4d0,heldout763,1,-0.8766935310208492,30.81140350877193,20–40,7.4217921416319035,1.7069581942456087,148.483278772907,0.8128155753857998,0.18718442461420018,0.14974753969136015,0.0,0.0,
clipgt-56d2efe5-c05c-4dbd-a606-959d72b73ff0,heldout763,1,-0.5770578004690823,39.91228070175438,20–40,8.321151493920146,6.522498181379709,166.3541312162563,0.0,1.0,0.8059206701703368,0.0,0.0,
clipgt-56e1a0be-993f-4fd9-b951-907645cbfb29,heldout763,1,-0.3937946640983919,47.69736842105263,40–60,10.635930390630522,2.4290920195854455,212.54514629646957,0.0,1.0,0.9367964931247338,0.0,0.0,
clipgt-5775a998-77f9-472a-8d12-f2b036a4cfe8,heldout763,1,1.6007320401644722,84.3201754385965,80–90,4.306826840100882,83.60579465056277,86.49840760356265,1.0,0.0,0.27479183755368414,0.0,1.0,
clipgt-583e08bf-b173-4adc-9500-ba7817317b95,heldout763,1,-0.12979391756243053,55.48245614035088,40–60,5.718678038379261,29.44529623955605,114.25165471494682,0.0,1.0,0.9116224661490148,0.0,0.0,
clipgt-593e97fb-eaba-497a-9e1a-cc29460900e9,heldout763,1,-1.1012854332985138,25.109649122807017,20–40,6.213301987892944,0.22886673570156962,124.31085709552468,0.0,1.0,0.9321689527229857,0.0,0.0,
clipgt-593ebf97-e555-4571-bb85-49ba33432b97,heldout763,1,-1.3930218422173852,14.035087719298245,0–20,3.706715527432522,2.0453897862049346,74.2883213525013,1.0,0.0,0.08184568197527348,1.0,0.0,easy100
clipgt-599c94eb-1fa0-4abd-bd5a-2cb2910fc39a,heldout763,1,-1.1578258906765306,23.135964912280702,20–40,5.175022341334487,2.784553533293594,103.7280307423905,0.2773342826630447,0.7226657173369553,0.5781325738695643,0.0,0.0,
clipgt-59a2e98b-938b-42cb-9901-4429ab7c4534,heldout763,1,2.1196314096589717,90.46052631578948,90–100,26.758642529332608,8.606619829014239,535.3184903259476,0.2875598833205256,0.7124401166794744,0.5699520933435795,0.0,0.0,hard100
clipgt-59edf9b2-ff19-4bf1-8562-092c9959d10e,heldout763,1,0.14026181919828862,61.8421052631579,60–80,13.807444681200343,4.75585023424468,276.1083733060045,1.0,0.0,0.31629788817962845,1.0,0.0,
clipgt-5a38c811-1e28-4a67-9239-54ba2b695950,heldout763,1,-1.2856269565910714,18.092105263157894,0–20,4.9133426418863975,0.24435021355540054,98.30720145880989,0.0,1.0,1.0,0.0,0.0,
clipgt-5a6138a7-e558-4f00-b6f6-6e28f8e6892a,heldout763,1,1.1279793601410986,78.1798245614035,60–80,14.332423432282694,30.360547623118027,286.77740599527243,1.0,0.0,0.24055745839984052,0.0,1.0,
clipgt-5ab1d9cb-778a-46d5-b89f-720b6f185457,heldout763,1,-1.4144017703923002,13.486842105263158,0–20,3.888191878090133,0.7219997784618257,77.33464276104783,0.0,1.0,0.969384878021056,0.0,0.0,easy100
clipgt-5ac1a321-a0cc-414e-95c1-1463a9fcc957,heldout763,1,-1.6946441398530088,5.2631578947368425,0–20,2.0102322904529277,0.3535268596212951,40.18422638538467,0.0,1.0,1.0,0.0,0.0,easy100
clipgt-5ae9758a-2109-4bb9-89eb-a13e74ff50a1,heldout763,1,-0.5238602278019378,41.776315789473685,40–60,9.780520711307853,2.193520385598463,195.748207259488,0.1904506112342086,0.8095493887657914,0.6476395110126332,0.0,0.0,
clipgt-5b39ea08-21a5-4427-8ab3-8038c45f4458,heldout763,1,-1.665770795895319,6.25,0–20,2.2628551168064903,0.1556190366727404,45.187093668939355,0.0,1.0,1.0,0.0,0.0,easy100
clipgt-5c1b7555-64fa-4ae4-98bf-4cf24e6de0a4,heldout763,1,3.4450725431935783,99.12280701754386,90–100,33.169569915832525,20.205583818880378,663.3123491520321,0.0,1.0,0.8946882765375294,0.0,0.0,hard100
clipgt-5c4a277a-dfc2-46de-828a-e80eb658f68e,heldout763,1,-1.5006375528748235,10.307017543859649,0–20,2.906354037371366,2.2198168252056445,57.95194148343611,0.0,1.0,0.9121926796944034,0.0,0.0,easy100
clipgt-5c871a72-ca26-4e8a-9bca-0736260285ea,heldout763,1,2.716863830814635,96.16228070175438,90–100,9.471265816807625,94.30679557406961,189.32347888382304,0.32665464818858136,0.6733453518114186,0.5386762814491349,0.0,0.0,hard100
clipgt-5ce6b6e4-6944-463a-bb31-5d34c7d5c466,heldout763,1,-0.22066240471431775,52.96052631578947,40–60,9.13292233296728,13.279105488058423,182.65250874995758,1.0,0.0,0.9267894857740496,1.0,0.0,
clipgt-5d2827ec-3b1c-47e3-bf78-1e2003b7209f,heldout763,1,2.6218372283669704,95.39473684210526,90–100,10.826745883100308,86.23552911537534,216.92852183263807,1.0,0.0,0.10822247168307426,0.0,1.0,hard100
clipgt-5d794411-c055-43a0-8f33-0118cbb902e5,heldout763,1,-0.2617257913742384,52.083333333333336,40–60,10.631908933624759,6.1487460075110185,212.64444985048743,1.0,0.0,0.2883727035753474,1.0,0.0,
clipgt-5d7a5fec-e13e-4d97-801a-7c92cfb2b4c9,heldout763,1,0.760429021627474,73.46491228070175,60–80,12.896435550321488,25.780856665148963,258.0525062553208,0.7689857909068517,0.2310142090931483,0.18481136727451863,0.0,0.0,
clipgt-5dde348a-e6d1-4b78-bbea-f60a963a277f,heldout763,1,2.1501313717742265,91.33771929824562,90–100,8.411488553512969,82.64088692517707,168.26156537385617,0.32129115212747716,0.6787088478725228,0.5429670782980183,0.0,0.0,hard100
clipgt-5e24e1e3-adaa-4028-86f3-c9fa9616b42c,heldout763,1,-1.2068018612712406,21.271929824561404,20–40,5.475437691383053,0.21288947382412346,109.49760341730689,0.0,1.0,1.0,0.0,0.0,
clipgt-5ebe79fa-04ce-4105-8fe8-f4ff15fd8d44,heldout763,1,-0.8361473118020675,31.68859649122807,20–40,6.677389363356427,5.813102385322099,134.1395746128796,0.858834932365078,0.14116506763492198,0.1129320541079376,0.0,0.0,
clipgt-5eee2b9e-513e-4514-b639-980326ba2b2e,heldout763,1,1.4966815473176456,83.22368421052632,80–90,22.27913341654958,9.004052335832663,445.51896752976563,0.0,1.0,0.822879045659133,0.0,0.0,
clipgt-5f064b02-2066-4dc4-a04b-b4386ff80c84,heldout763,1,-1.1407023448601654,23.79385964912281,20–40,5.632546669314433,1.4398810142915692,112.93091104599921,0.0,1.0,0.9914602666395672,0.0,0.0,
clipgt-5f474008-e0f4-4011-beb1-282f0fc40030,heldout763,1,0.6744250937044614,72.25877192982456,60–80,12.403313063655904,25.335898964801704,248.0629034247151,0.757347322983521,0.24265267701647894,0.19412214161318317,0.0,0.0,
clipgt-5fcb2ba7-6a4b-4ce1-887b-8eafa677b4f0,heldout763,1,-1.9929686394573782,0.0,0–20,0.00023491021114143478,0.004618163449325452,0.004683844713061041,0.0,1.0,0.019035619897921418,0.0,0.0,
clipgt-5fdca843-a663-4993-a957-aa65f32cff6a,heldout763,1,0.26869478689488796,64.80263157894737,60–80,13.877190755880854,8.079315199032497,277.46462018580445,0.3412619430673868,0.6587380569326132,0.5269904455460906,0.0,0.0,
clipgt-601c88bb-a638-4b9a-9274-0020e5d92dd4,heldout763,1,-0.02601030288096029,58.44298245614035,40–60,11.33465141245884,9.95598806411256,226.87103605425617,1.0,0.0,0.17812229432440513,1.0,0.0,
clipgt-6023999c-cab4-4e04-92e6-722284a0065b,heldout763,1,-1.490762946655416,10.964912280701755,0–20,3.4403585588129317,0.3668151225253659,68.93261953239585,0.0,1.0,1.0,0.0,0.0,easy100
clipgt-6027da62-8d21-4895-a583-1de455ea9803,heldout763,1,-1.2185217566269346,20.394736842105264,20–40,5.160586389414769,1.1400351193253198,102.74944004567686,0.0,1.0,0.9997700101840724,0.0,0.0,
clipgt-605bf77a-3998-4f01-aabb-0a3c7f5eaaed,heldout763,1,-0.8567831362710585,31.57894736842105,20–40,7.004281676159238,3.930577197623847,140.4167640904836,0.3872464172306107,0.6127535827693893,0.49020286621551146,0.0,0.0,
clipgt-610b3fc7-8d43-4342-ac2e-6f6d6b8b16e9,heldout763,1,2.120120321558027,90.5701754385965,90–100,28.151198291609433,3.0660206929966685,562.5722198671783,0.5002717820718416,0.4997282179281584,0.39978257434252673,0.0,0.0,hard100
clipgt-61106668-1a33-4ca1-9e64-4041381a37f4,heldout763,1,2.4261716437475043,93.64035087719299,90–100,7.213296154195707,95.16097565043496,144.29967403377321,1.0,0.0,0.10352563896516286,1.0,0.0,hard100
clipgt-616e5804-5b6f-4bc3-8a0f-c1fa0d37423d,heldout763,1,-0.6056874630399183,38.70614035087719,20–40,6.539025768328786,12.827772885307656,130.76180305452436,0.02570973787786701,0.974290262122133,0.7794322096977064,0.0,0.0,
clipgt-61ef954c-3162-48c0-a5b8-e2b1ff479358,heldout763,1,-0.33157667292998705,49.3421052631579,40–60,7.644110224530282,16.1069661627614,153.36826353363853,0.0,1.0,0.9999942230010415,0.0,0.0,
clipgt-61fb78e2-4034-4ace-ab87-accc23b0ba7a,heldout763,1,-1.6590593136783731,6.578947368421052,0–20,2.2190893299858,0.5183924906975398,44.335503153792274,1.0,0.0,0.10650131474419883,1.0,0.0,easy100
clipgt-6250146a-7f9f-4508-851e-e25b7d9dc36a,heldout763,1,-0.6313537137295079,37.719298245614034,20–40,9.417331032189418,0.6276834848919577,167.96418535409043,0.08405043126336076,0.9159495687366392,0.7327596549893114,0.0,0.0,
clipgt-626d4b3b-18ef-4de1-8b19-6c72f4e79e4e,heldout763,1,0.21064780207355854,63.81578947368421,60–80,13.864040385042225,6.503951859850682,277.2187536269935,0.0,1.0,0.8096698044269725,0.0,0.0,
clipgt-632d7f35-cdc1-4c54-80cf-c68012fa5f45,heldout763,1,0.1765636171963455,63.04824561403509,60–80,14.704906329919991,2.194272486033425,294.1068982310619,0.0,1.0,0.8671186781002562,0.0,0.0,
clipgt-635da305-8584-42f1-87bc-0f2baac24373,heldout763,1,-1.5261228934550424,9.429824561403509,0–20,3.199332851511869,0.3365628611117554,64.24807118167419,0.0,1.0,0.9997156835693264,0.0,0.0,easy100
clipgt-637c0aee-938d-4ad4-a472-f4666c85ec7d,heldout763,1,0.06234763763146389,60.416666666666664,60–80,14.385173439643845,0.2665857983419751,287.8216459302214,0.0,1.0,1.0,0.0,0.0,
clipgt-63844633-ef7c-4c48-8a61-a50af34b9e09,heldout763,1,3.4063260933613395,99.01315789473684,90–100,35.86837980807177,8.35461604455392,717.3936220763169,1.0,0.0,0.3511525421788347,1.0,0.0,hard100
clipgt-63ca82ed-e867-4cc8-9587-847a34f29c59,heldout763,1,-1.4370568432387105,12.828947368421053,0–20,3.80155869929231,0.4322251391026021,75.98872310083652,0.0,1.0,0.9738554537114283,0.0,0.0,easy100
clipgt-6404193c-f3a9-4172-8852-d6b157d2dd1a,heldout763,1,-0.6174042266058354,38.04824561403509,20–40,8.925829631026808,2.979258669149195,178.57766176592256,0.0,1.0,0.9487811088310437,0.0,0.0,
clipgt-6464082b-7e79-4294-a234-90639bb19c70,heldout763,1,-1.8000443935657717,3.3991228070175437,0–20,0.6297060713911355,2.904111195262851,12.544402835930311,0.0,1.0,0.998581271106123,0.0,0.0,easy100
clipgt-6473b827-1f6a-4c04-b222-5ec8db5b3ff6,heldout763,1,0.63578047206856,71.60087719298245,60–80,9.429065951035053,36.11518632814182,189.31656679527273,0.7112706916021694,0.28872930839783056,0.23098344671826448,0.0,0.0,
clipgt-64b9f7a6-3873-4b9b-ad10-78ab4a5f4a16,heldout763,1,-0.11537632779556323,55.70175438596491,40–60,13.053110554116891,0.5956930851565477,261.0511856091967,0.6554357718071842,0.3445642281928158,0.27565138255425264,0.0,0.0,
clipgt-64c33c12-0bf2-4e64-a92c-e1129485566b,heldout763,1,1.3053781345323947,80.15350877192982,80–90,12.346866232864036,43.25488945998969,246.9483079084313,0.731790964824532,0.26820903517546807,0.2145672281403745,0.0,0.0,
clipgt-64c5e830-a863-4a9a-95ca-a6800afb7edd,heldout763,1,-1.1195814532049069,24.342105263157894,20–40,5.9462614106243885,0.7809012408203078,118.5861664549802,0.0,1.0,0.9985308620694885,0.0,0.0,
clipgt-6532f25e-2e8e-47ca-b627-631bb466847e,heldout763,1,-0.6952296151137004,36.18421052631579,20–40,9.056738630778176,0.2746572952997286,181.6423448848971,0.0,1.0,0.9998155211323486,0.0,0.0,
clipgt-655dfa49-1d51-45a3-b6f4-0856db73c414,heldout763,1,2.0502137592224723,89.91228070175438,80–90,13.018909967767879,61.461857557779254,260.53264361254037,0.1337794616823087,0.8662205383176913,0.692976430654153,0.0,0.0,hard100
clipgt-65907a2b-e934-4920-9580-c8f14fee5164,heldout763,1,-1.638823061297419,6.907894736842105,0–20,2.4741762295138225,0.06844613470371533,49.49445055967635,0.0,1.0,0.8280805811055898,0.0,0.0,easy100
clipgt-660f8185-7054-44f9-9435-7531a372a38a,heldout763,1,-1.1848317182947246,21.92982456140351,20–40,4.946064396506774,2.9404431145779264,99.32736843136504,0.0,1.0,0.880580810641395,0.0,0.0,
clipgt-66291265-ce4e-4859-80b7-d4f3dd85a970,heldout763,1,0.04619500650459529,60.08771929824562,60–80,7.135773337501995,28.72837514710875,143.14083924353972,0.0,1.0,0.9998575281095295,0.0,0.0,
clipgt-662bc0b8-c3e7-4c06-bc1a-f2bc013205ce,heldout763,1,0.16073731446294617,62.60964912280702,60–80,10.11089176825918,20.07401514584023,202.17675791710258,1.0,0.0,0.8670535581860008,0.0,1.0,
clipgt-66820d2f-2cac-47c5-9bd2-1cf78128bd03,heldout763,1,0.3788368927072857,67.10526315789474,60–80,14.017754436007426,10.607387435090361,280.3290060279673,1.0,0.0,0.21064079792856807,0.0,1.0,
clipgt-66874a1b-695c-432d-a911-00aeeb89065d,heldout763,1,0.4082337788146928,68.31140350877193,60–80,10.711285167201948,24.61985844036127,214.15112101444967,1.0,0.0,0.22776144522617675,1.0,0.0,
clipgt-6725df2d-072b-41aa-9d5a-a6040e5e44a9,heldout763,1,-1.0815280934198657,25.87719298245614,20–40,5.6683443288599795,2.956525994053642,112.92149931454735,0.0,1.0,1.0,0.0,0.0,
clipgt-68c3be44-7f95-46ce-ab72-ee05aeb986bc,heldout763,1,-1.2246275619871319,20.06578947368421,20–40,5.189232360585364,0.854553174182402,103.142227638307,0.0,1.0,0.999633750600353,0.0,0.0,
clipgt-68e53160-f9d1-4070-9434-bf50c55652d3,heldout763,1,2.4157768485194238,93.42105263157895,90–100,2.492316625538691,113.69944333632247,49.93381711780947,1.0,0.0,0.09019336872930352,1.0,0.0,hard100
clipgt-6a3927f1-777d-49c5-85ef-4c74537a03ae,heldout763,1,0.5075372798658941,69.95614035087719,60–80,12.136771624968302,21.71897538486003,242.77735439955822,1.0,0.0,0.2514321701702059,0.0,1.0,
clipgt-6ab146ad-75c6-4cd2-b7ac-4a306dcb01f5,heldout763,1,0.16074027525140905,62.719298245614034,60–80,13.392900698642784,6.983567377255651,267.77279707317587,0.0,1.0,0.979892454274192,0.0,0.0,
clipgt-6ae687bb-da85-487a-a76d-5e1e06e783fd,heldout763,1,0.0064772510961296215,59.32017543859649,40–60,14.001754514177282,0.22910391655878842,280.01266500778684,0.6764690344460174,0.3235309655539827,0.2588247724431862,0.0,0.0,
clipgt-6afccd7b-4cd8-4e06-9bf0-190dcc25efdf,heldout763,1,-0.44894361305665614,45.06578947368421,40–60,10.80044757982749,0.22635849075736075,216.32851791256982,0.688809065682997,0.3111909343170029,0.24895274745360232,0.0,0.0,
clipgt-6b5ca926-4526-412b-bd26-500a3b4b8695,heldout763,1,2.6236424699399716,95.50438596491227,90–100,21.68974509800005,42.95829288722259,433.73000127881687,0.0,1.0,0.9309599277723559,0.0,0.0,hard100
clipgt-6bec4e02-ae49-4092-9d66-136ee490e138,heldout763,1,2.2767533140698024,92.32456140350877,90–100,9.454465125602653,82.03176474512432,189.28954762347627,0.20137342917453216,0.7986265708254678,0.6389012566603743,0.0,0.0,hard100
clipgt-6d268a11-8a3b-4cfe-ac96-ffcb3e543e64,heldout763,1,-0.07671351069172677,57.12719298245614,40–60,12.829599584777457,2.571406153254524,256.57851855143736,0.0,1.0,1.0,0.0,0.0,
clipgt-6d7e3264-ad31-4134-a9cd-17edb066c444,heldout763,1,-0.5028356425100775,42.324561403508774,40–60,10.037199069884911,1.7593336396085728,201.02573255609593,0.07933799182334855,0.9206620081766514,0.7365296065413212,0.0,0.0,
clipgt-6d8226d4-3e08-4754-871a-fcc4c6f1c11b,heldout763,1,-0.4712851540390826,44.18859649122807,40–60,10.531538979488131,0.6723949881685585,210.650961691157,0.6492615522140931,0.3507384477859069,0.28059075822872553,0.0,0.0,
clipgt-6d95a6b3-ef42-4cc0-941f-dbed4d15901a,heldout763,1,-1.0219650873870998,27.63157894736842,20–40,6.5635501962923515,1.0562608331920287,130.79927859544716,0.0,1.0,0.8885140716273288,0.0,0.0,
clipgt-6dab4ce7-1dda-4a3c-8692-b92c50ee69c0,heldout763,1,0.08272901026220242,60.85526315789474,60–80,13.1143892521625,5.906756621709863,262.3254832658405,0.0,1.0,0.8750445245433565,0.0,0.0,
clipgt-6daecfe1-621c-4a24-adbc-f7c879ed491b,heldout763,1,1.7365860033966722,85.74561403508773,80–90,7.888710341581282,73.12895196380566,157.3501648174602,0.47665285206873587,0.5233471479312641,0.41867771834501133,0.0,0.0,
clipgt-6db8921b-e103-4cd4-901c-b2726849be7a,heldout763,1,2.546696225490506,94.84649122807018,90–100,16.9018221428097,59.897463612685485,338.71113386588775,0.0,1.0,0.9338009392309206,0.0,0.0,hard100
clipgt-6dd0b533-cb90-43c4-838e-518e84487751,heldout763,1,0.38684949383020983,67.32456140350877,60–80,13.004159039667439,14.874884012026113,260.1092529177375,0.0,1.0,0.999194645727254,0.0,0.0,
clipgt-6ddaa5ae-d50e-4cb8-a416-d66caf101b93,heldout763,1,-0.40701417727311584,47.03947368421053,40–60,9.373568144076437,7.093399970793635,187.29111485733387,0.7426595398973197,0.25734046010268036,0.2058723680821443,0.0,0.0,
clipgt-6e190b33-73c2-4958-8448-db999b871a78,heldout763,1,-0.6946625405603926,36.29385964912281,20–40,5.506108866689158,14.452504283332928,109.92258046667772,0.0,1.0,0.9939372819512365,0.0,0.0,
clipgt-6e6cbe67-bccd-4d4d-9943-933a272b7bf0,heldout763,1,1.3739943230294178,81.14035087719299,80–90,23.065608067935795,2.42661704280044,461.3952843983004,0.0,1.0,0.9334439230461214,0.0,0.0,
clipgt-6e7b42a3-285c-4252-bcdc-a453ef64a231,heldout763,1,1.8697976170099007,87.28070175438596,80–90,27.106310614755888,0.21381868583166835,542.116546780371,0.17257992043637527,0.8274200795636247,0.6619360636508999,0.0,0.0,
clipgt-6ea7f154-7b37-4d23-bae7-3023bddf33d8,heldout763,1,-0.34687846135916267,48.90350877192982,40–60,9.403676833282042,8.659698218746584,188.35403336165535,0.33683145349494625,0.6631685465050537,0.530534837204043,0.0,0.0,
clipgt-6ee9ee78-cb61-4a1c-a45f-2d808f311c7f,heldout763,1,-0.9723996407944664,28.94736842105263,20–40,4.721661203416122,9.792735089045475,94.52626804879456,1.0,0.0,1.0,1.0,0.0,
clipgt-6f0678af-2881-4eb2-9317-387c71c9191b,heldout763,1,0.3881326977137288,67.4342105263158,60–80,15.254345001496848,5.93583895636753,305.11593126028333,0.5370201752770292,0.4629798247229709,0.37038385977837673,0.0,0.0,
clipgt-6f34d20b-4c3d-48e7-b7bd-e29208915358,heldout763,1,1.6808608575737507,85.19736842105263,80–90,25.40445533951643,1.7034288026083575,508.2389077037485,0.0,1.0,0.8616903138348245,0.0,0.0,
clipgt-6f3be572-0c6a-407c-b9fa-136cce998e3c,heldout763,1,-1.707421435126862,4.934210526315789,0–20,2.0066180361855697,0.009628233840462875,40.22247825061999,0.0,1.0,1.0,0.0,0.0,easy100
clipgt-6f4fc882-8c0b-4be0-9610-7b500d79c11a,heldout763,1,-0.4498464824007032,44.95614035087719,40–60,7.076613047278423,15.053823555994727,141.42252578514177,1.0,0.0,0.32992189243378417,1.0,0.0,
clipgt-6f91e3eb-24b6-4dd2-9431-451518ce1a93,heldout763,1,-1.7618783840244512,3.837719298245614,0–20,0.18833975817976967,5.734824112672183,3.7818126973091126,0.0,1.0,0.24441709156287608,0.0,0.0,
clipgt-6fb661c5-8780-401d-9798-745ad08a66f5,heldout763,1,-0.4158263639899219,46.82017543859649,40–60,9.878941501271122,4.830561059790581,197.68070610008778,0.730950130330181,0.26904986966981903,0.21523989573585522,0.0,0.0,
clipgt-6fddbd01-70cf-4962-ab42-e7eac7742a6d,heldout763,1,-0.48470307221077324,42.98245614035088,40–60,9.86331495211012,2.961375653455063,198.1061885370333,0.3217474238031728,0.6782525761968272,0.5426020609574618,0.0,0.0,
clipgt-700e4d24-205c-4419-a359-1731a4264b0f,heldout763,1,2.8065628183316815,96.9298245614035,90–100,32.75048626329681,3.9713686915603397,655.0102232095455,0.0,1.0,0.9464454374105785,0.0,0.0,hard100
clipgt-702366ca-58ac-470d-8900-7ed4b2880462,heldout763,1,-1.434755014377874,13.048245614035087,0–20,3.687638470340806,0.9511545434174367,73.74783056380862,0.0,1.0,1.0,0.0,0.0,easy100
clipgt-705ae9df-44b3-4224-97c0-c55efcab5b41,heldout763,1,-1.1685866116680124,22.80701754385965,20–40,4.7781135423079615,4.065889636300872,95.55526533271797,0.0,1.0,0.997840514463984,0.0,0.0,
clipgt-709a6467-e1e3-495c-919b-2fb05663f070,heldout763,1,0.4006994347752955,67.98245614035088,60–80,13.543932267096197,13.110353920771471,270.90001915585236,0.0,1.0,0.8430740376312208,0.0,0.0,
clipgt-70d535f2-bd5e-4028-af69-b1c1c0b41602,heldout763,1,0.49325745277384114,69.73684210526316,60–80,17.143835112331764,1.3474893795458573,342.98156244710395,1.0,0.0,0.3394960753215433,0.0,1.0,
clipgt-70e1ccff-a8af-4107-9f2c-f72d6eb33d66,heldout763,1,-1.3568863764902426,15.570175438596491,0–20,4.473089647165675,0.0019996962012904323,89.58549474884673,0.048257282055753525,0.9517427179442465,0.7613941743553972,0.0,0.0,
clipgt-710d4717-bd08-4bb0-b6de-5d1e5d5d92aa,heldout763,1,-0.37722535167911,48.1359649122807,40–60,9.144316431678003,8.843156613954267,182.87034766916815,0.024233477529813086,0.9757665224701869,0.7806132179761496,0.0,0.0,
clipgt-71473118-103d-481e-8752-f6f27ffc9fa2,heldout763,1,-1.3829528179774415,14.692982456140351,0–20,4.283237868394124,0.02825474923823861,85.70080804366826,0.0,1.0,0.9779944168660071,0.0,0.0,
clipgt-7171354f-dced-498b-a50a-545c053c7b0e,heldout763,1,-0.5599552003947615,40.78947368421053,40–60,9.457727255460897,2.468792357540905,189.16669510666316,0.0,1.0,0.8514288314240981,0.0,0.0,
clipgt-71d7d03b-95bd-4329-a8fb-c8e9891cb478,heldout763,1,0.14503528594020243,62.171052631578945,60–80,14.362384495980747,2.6762950809723853,287.46434713825545,0.45356334809104104,0.546436651908959,0.43714932152716723,0.0,0.0,
clipgt-71ea5d51-b936-4cd6-bb3a-e7f528927ca0,heldout763,1,-1.257628480229543,19.18859649122807,0–20,4.157091205183776,4.045876647516602,82.4713459489183,0.0,1.0,0.9601220946441104,0.0,0.0,
clipgt-7313bd4e-e07f-49ff-9f74-fc42935fb54c,heldout763,1,-1.3655103629464516,15.131578947368421,0–20,3.368013851102305,4.167831814657951,67.23939882124213,0.0,1.0,0.9992558601363605,0.0,0.0,
clipgt-734f6aa3-f1db-4eae-abed-21a1773335aa,heldout763,1,-1.4498714089128937,12.280701754385966,0–20,3.714631799674879,0.41957986966625277,74.4623496906987,0.0,1.0,1.0,0.0,0.0,easy100
clipgt-7396591d-4a3b-40cb-9169-b0308558c9cd,heldout763,1,-0.7579223131089833,34.53947368421053,20–40,8.679425169256142,0.021504900239440485,174.40358263486155,0.015891497597732007,0.984108502402268,0.7872868019218144,0.0,0.0,
clipgt-73ee2cdb-1b63-4b6a-93f6-3b73af8ede2b,heldout763,1,1.93558937887801,88.48684210526316,80–90,22.625723917158297,19.929965614935945,452.4320474190409,0.0,1.0,0.892154611617613,0.0,0.0,hard100
clipgt-75565061-1967-4ae4-b30b-25d2a1ceac18,heldout763,1,-0.08854100812199128,56.79824561403509,40–60,13.286815854391055,0.41608676918976045,265.9290175306133,0.0,1.0,0.9503265296766792,0.0,0.0,
clipgt-7591d290-7c8c-490a-9a1a-c1ff0e492461,heldout763,1,1.6379549159360465,84.9780701754386,80–90,2.5981480023001846,91.46482719440093,52.02188989815662,1.0,0.0,0.35956296187877257,1.0,0.0,
clipgt-75ad98a4-a2de-4eb8-be40-dadfa0d10351,heldout763,1,-1.5842502950785988,8.114035087719298,0–20,2.539697329887864,1.3374973295587538,50.4855324813637,1.0,0.0,0.8462369179375946,1.0,0.0,easy100
clipgt-75c23f07-026b-4382-9b39-6e806bb16730,heldout763,1,-0.3182888432335811,50.328947368421055,40–60,11.713921587305496,0.24685947527637447,234.24171156913587,0.7835818543235162,0.21641814567648376,0.17313451654118703,0.0,0.0,
clipgt-764c8a4a-bddc-4e3c-9df4-0941982efeba,heldout763,1,1.0819743645668696,77.5219298245614,60–80,20.285181188640717,5.327420882476028,405.62936976394747,1.0,0.0,0.23946746140258715,1.0,0.0,
clipgt-76bd5a24-2b0f-4637-8114-be0cd3ba28d2,heldout763,1,-0.13478058149042846,54.824561403508774,40–60,8.91382549667303,16.56137745634646,178.41586362636824,0.3034212617856752,0.6965787382143248,0.5572629905714599,0.0,0.0,
clipgt-76c2bb81-6435-44e9-859a-2033ca05173b,heldout763,1,-1.3229071140527373,16.44736842105263,0–20,3.4876733751941855,4.885286194507925,69.40675069321586,1.0,0.0,0.24438020925645637,0.0,1.0,
clipgt-76ef0511-96d4-4494-bbaf-685c6ece6bce,heldout763,1,0.34712375702671844,66.33771929824562,60–80,14.925476812494875,6.097537785160053,298.5132183711206,0.6126927550650778,0.38730724493492213,0.3098457959479377,0.0,0.0,
clipgt-7707768b-d684-45aa-a5b2-7727fb39565d,heldout763,1,-0.7918448619115883,33.44298245614035,20–40,7.6025614528333785,3.3653622211024485,151.5508635987866,1.0,0.0,0.8094054307906271,1.0,0.0,
clipgt-772b0438-a9cb-4601-977c-334166d442fd,heldout763,1,-0.5963718418172501,39.03508771929825,20–40,9.583099309234495,0.9475030951074437,192.33835766039005,0.6530870775041646,0.34691292249583544,0.2775303379966684,0.0,0.0,
clipgt-7742bd3a-9e15-4ff5-a3c5-ddd63156e99c,heldout763,1,-0.3377238453512771,49.23245614035088,40–60,11.023303072718518,2.456424786864154,220.2442698621032,0.0,1.0,1.0,0.0,0.0,
clipgt-7747986c-9aae-450d-b10c-b7c42b882c68,heldout763,1,-1.3028988296262871,17.105263157894736,0–20,4.455603022108587,1.5857218917750602,89.08097137021463,1.0,0.0,0.1602182956384004,1.0,0.0,
clipgt-7750265d-c41f-42a3-8b49-ee128b71fa55,heldout763,1,-0.34986854473100104,48.68421052631579,40–60,11.426140089002372,0.509105690670599,229.23374247144213,0.0,1.0,0.9997842744460271,0.0,0.0,
clipgt-776056f8-5986-4bee-b4a5-ebc191e68da8,heldout763,1,1.7805717525366669,86.29385964912281,80–90,17.43874325682783,36.27144722434399,348.7695481173758,0.0,1.0,0.9504781315262516,0.0,0.0,
clipgt-77805015-3ea3-439d-9bb8-f25ebf506b65,heldout763,1,-0.43637112729908845,45.723684210526315,40–60,10.655719257856314,1.156188763580964,213.12561873379116,0.21415778749589431,0.7858422125041057,0.6286737700032846,0.0,0.0,
clipgt-77a1c037-1ade-4326-b5de-9eb9d49263b7,heldout763,1,0.305079412957711,65.24122807017544,60–80,12.616568288919547,14.12773531257826,252.45550492187886,1.0,0.0,0.18284534218895807,1.0,0.0,
clipgt-77c473b0-c640-4a70-a499-c7e37ea0f179,heldout763,1,-1.2324299118119264,19.736842105263158,0–20,5.317719312199407,0.12327195025529303,106.56213283273345,1.0,0.0,0.4675771143329006,0.0,1.0,
clipgt-7807500f-4a25-4262-8aec-07f764cc004a,heldout763,1,-1.3911036664778913,14.144736842105264,0–20,4.2258202026306915,0.028694616954336147,84.43754927016764,0.0,1.0,0.9791066238150432,0.0,0.0,easy100
clipgt-791d68ce-fe38-460a-b11d-c19a68f4c8b1,heldout763,1,-1.6917974101884061,5.37280701754386,0–20,1.8625424681685105,1.0224294185976368,37.24214715824736,1.0,0.0,0.08615385047139465,1.0,0.0,easy100
clipgt-797bfe76-a749-4b94-8ba5-c59a63de51c2,heldout763,1,1.2755629581387908,79.9342105263158,60–80,6.907631817939271,64.1135621476235,138.05731350927783,1.0,0.0,0.4294843764879915,1.0,0.0,
clipgt-79f41877-aa59-49bb-a8d9-f9ee194e26a4,heldout763,1,-0.7691216231748539,34.21052631578947,20–40,8.049947739274637,2.2181584898730726,161.07799639230436,0.83263755728789,0.16736244271211,0.13388995416968802,0.0,0.0,
clipgt-7a1b835d-1756-4100-8a8b-28e5ad81a4e2,heldout763,1,0.46987186950058724,69.07894736842105,60–80,14.370114450720022,11.754872429470367,287.4327574843511,0.4799769312611395,0.5200230687388605,0.41601845499108847,0.0,0.0,
clipgt-7a3d8529-f5c4-445d-97ed-8303b2ece934,heldout763,1,-0.21065621900169806,53.28947368421053,40–60,4.60852702138574,31.605588503902375,92.0591495409426,0.0,1.0,1.0,0.0,0.0,
clipgt-7a4272ec-f67d-4c51-835c-357a3395efcb,heldout763,1,-1.8451265921649944,2.3026315789473686,0–20,1.0113050237748904,0.11783369239531882,20.263741393334957,0.0,1.0,0.9997497591036894,0.0,0.0,easy100
clipgt-7a824ffa-5404-478b-8f20-667d342cbc69,heldout763,1,0.3151852573206275,65.5701754385965,60–80,2.5313758054869155,54.636656134612835,50.59305123372991,0.0,1.0,0.9997502425245166,0.0,0.0,
clipgt-7ad7519f-7342-40db-b8ee-892502bfc0c4,heldout763,1,-1.949776549508098,0.7675438596491229,0–20,0.22294183578877927,0.3275734038705326,4.480678018056776,0.0,1.0,0.3128806454321554,0.0,0.0,
clipgt-7ae6bec8-ccf1-4397-9180-83164840fbae,heldout763,1,-1.5149104201928356,9.758771929824562,0–20,3.3440365028257983,0.07383380448768047,67.07428054059366,0.6709319923151527,0.32906800768484734,0.2632544061478779,0.0,0.0,easy100
clipgt-7b186d92-d6f5-4e27-a324-d705d1fad7e1,heldout763,1,1.4942084269067835,83.1140350877193,80–90,4.691339702656692,79.08489008933506,93.46242388197237,0.3129029039650668,0.6870970960349332,0.5496776768279465,0.0,0.0,
clipgt-7b3070bd-8d4d-4394-bced-f89b0467a107,heldout763,1,0.911014933676365,75.43859649122807,60–80,18.966518592579025,5.792778328334878,379.44769473738967,0.0,1.0,1.0,0.0,0.0,
clipgt-7b403b05-e309-4dfd-b1be-4fa98fb3c3fa,heldout763,1,-1.4421004955435803,12.609649122807017,0–20,3.7611399453445262,0.45199887435514663,75.21379015312706,0.0,1.0,0.9571112600214122,0.0,0.0,easy100
clipgt-7ba8c138-4010-4d61-9714-c855e4eb2a3c,heldout763,1,-0.13183110200864606,55.26315789473684,40–60,12.669334782097131,1.6649685327754848,253.37153886808113,1.0,0.0,0.3160928448155923,1.0,0.0,
clipgt-7c05aee0-88f1-4338-a48b-5cbe24d5b888,heldout763,1,-1.4636275311616982,11.403508771929825,0–20,3.5236884653377922,0.7954075797960245,70.29350737967884,0.0,1.0,0.9635425959847068,0.0,0.0,easy100
clipgt-7c4f23b7-be14-4505-b332-6d1ceb36cd75,heldout763,1,-0.1329090051050722,55.04385964912281,40–60,6.4256877671352415,26.53798006948462,128.42113137182028,0.32869138553818245,0.6713086144618176,0.5370468915694541,0.0,0.0,
clipgt-7cccce33-647f-4dfe-b643-eae78e6733de,heldout763,1,2.1402579637001127,90.89912280701755,90–100,13.487303620497748,62.11874968778959,269.7603907493267,1.0,0.0,0.18128945508910244,0.0,1.0,hard100
clipgt-7cd29a50-39b9-40d3-8ab5-d75a7efe7bc1,heldout763,1,1.919704144496018,87.82894736842105,80–90,27.457863572321184,0.21115549050162147,549.0585795237203,1.0,0.0,0.5385626017640402,1.0,0.0,hard100
clipgt-7ce9e86e-c63f-4f0e-97cd-072c9ab24a88,heldout763,1,2.51047065732174,94.51754385964912,90–100,7.779585548303087,95.26629083084656,155.1162486455579,1.0,0.0,0.3456555649287929,1.0,0.0,hard100
clipgt-7cfa81de-ec20-4f9e-add1-b1165fb9de99,heldout763,1,-0.2834150420228996,51.425438596491226,40–60,11.130052490870039,3.5536315195138495,222.60964683668703,0.0,1.0,1.0,0.0,0.0,
clipgt-7d994ed3-d15f-4c0d-a0ff-fd36ba005726,heldout763,1,-1.0317248665587364,27.30263157894737,20–40,4.933295538902005,7.284955860020773,98.43881358659276,0.17167627163818489,0.8283237283618151,0.6626589826894521,0.0,0.0,
clipgt-7dc59d0d-7582-48b2-a6f9-2d7288b2c556,heldout763,1,1.9291695826278514,88.15789473684211,80–90,27.556490430591214,0.08321487176568611,551.1946330870838,0.04047107361237812,0.9595289263876219,0.7676231411100976,0.0,0.0,hard100
clipgt-7e11dcb8-7bce-4972-b998-8626857e92aa,heldout763,1,-0.31006075563469093,50.54824561403509,40–60,10.61356560698041,4.866449835960587,212.04221214184537,0.5323252840832415,0.4676747159167585,0.3741397727334068,0.0,0.0,
clipgt-7eaac028-ff62-4f54-9cca-52c8f49ba87e,heldout763,1,-1.0772753290089638,25.986842105263158,20–40,5.913155414522243,2.099339701328286,117.93430307187299,0.0,1.0,0.911283451981383,0.0,0.0,
clipgt-8023dce5-c512-43b2-a946-45fa7c19ef9d,heldout763,1,-1.802203297764916,3.289473684210526,0–20,1.178053588160412,0.6564450701389111,23.445512646567273,0.0,1.0,1.0,0.0,0.0,easy100
clipgt-804afc4a-fd1e-4f58-bd39-a4c486a916e5,heldout763,1,-0.11004479164835068,56.030701754385966,40–60,13.23346432708342,0.025851512529568483,264.5933201301233,0.0,1.0,0.9520697731918368,0.0,0.0,
clipgt-80d36de0-45a4-4121-9f63-aa323a927e05,heldout763,1,-0.34935666009056066,48.79385964912281,40–60,10.66347198763021,3.565417567730828,213.9290107255491,0.0,1.0,0.8382074647962515,0.0,0.0,
clipgt-80d6f585-7a9f-4153-8c77-eb441269b639,heldout763,1,0.7993288242871677,74.23245614035088,60–80,15.934818600106798,14.752914516435872,319.4034395153823,0.2815114547530152,0.7184885452469848,0.5747908361975879,0.0,0.0,
clipgt-81452a69-43a4-44f2-a11e-47c46e7a83e6,heldout763,1,1.1162026603163633,77.96052631578948,60–80,11.231534624664592,42.39841307534405,224.7031957852251,0.6623973583487521,0.3376026416512479,0.27008211332099835,0.0,0.0,
clipgt-8196e111-df23-4129-933d-b998b80ba245,heldout763,1,-1.1973707205353747,21.600877192982455,20–40,5.48580226341101,0.43602758544428366,110.24821239424584,1.0,0.0,0.3613197896562062,0.0,1.0,
clipgt-81b0e06d-96e6-4832-99c1-a4084b54ca97,heldout763,1,-0.7436258419714217,34.75877192982456,20–40,8.685939486365312,0.3964387409258372,173.5988440245954,0.5271757991971,0.47282420080289994,0.37825936064231996,0.0,0.0,
clipgt-823d47b0-d661-42be-890b-5dcd7affc1ff,heldout763,1,1.8043089276734015,86.62280701754386,80–90,4.247263854514658,89.55228295144789,84.8520926323488,1.0,0.0,0.24495864270694892,1.0,0.0,
clipgt-825dc886-0491-482a-abe3-e1743f5972b8,heldout763,1,-0.680419051887359,36.8421052631579,20–40,8.941178289980373,1.1509114787435237,179.0687363785216,0.06520069864903066,0.9347993013509693,0.7478394410807755,0.0,0.0,
clipgt-82b313db-52dc-4162-aac5-176964731901,heldout763,1,-1.148414266881536,23.355263157894736,20–40,3.584707830814196,9.391569014276497,71.92902833842042,0.0,1.0,1.0,0.0,0.0,
clipgt-82da2d46-4ec7-4f8c-8f54-e6febb1c303b,heldout763,1,1.5895142710062513,84.21052631578948,80–90,4.973211219135731,80.63329172343656,99.82966911375156,1.0,0.0,0.11181659280074333,0.0,1.0,
clipgt-82f505c9-6a41-4984-b72e-1d71254c4bd9,heldout763,1,-0.9858627317988806,28.50877192982456,20–40,7.054698475519015,0.1097004722052481,140.34719163607048,1.0,0.0,0.6896595033738557,1.0,0.0,
clipgt-83135623-d812-42ed-bb42-6a9974f42b7b,heldout763,1,-1.5002628125242823,10.416666666666666,0–20,3.3910233217372503,0.29718707419546775,68.02889409430583,0.32045411709928606,0.6795458829007139,0.5436367063205712,0.0,0.0,easy100
clipgt-83171cce-3daa-4b9b-88c1-caeade9b00e6,heldout763,1,0.016131960151484534,59.53947368421053,40–60,9.558710815992374,18.2212536408112,191.10824173320808,0.01927058242994284,0.9807294175700572,0.7845835340560458,0.0,0.0,
clipgt-832cd2b0-57b0-4f4e-9be1-a70b38371bbc,heldout763,1,2.0094930580157895,89.80263157894737,80–90,26.34319910920174,7.175030662671376,526.7676241961776,1.0,0.0,0.3058711304225072,1.0,0.0,hard100
clipgt-83740fee-bf3a-45cd-9e63-54c1d87bf7da,heldout763,1,0.3117278822830881,65.35087719298245,60–80,16.161297545125855,0.1757687924140955,323.31478179957475,0.0,1.0,0.9373326254839056,0.0,0.0,
clipgt-83b78681-e1a3-458f-8d93-0413ab1c4523,heldout763,1,-0.14079825673481328,54.71491228070175,40–60,9.935870248163237,12.316123821087961,199.16634892368887,0.4180076541576744,0.5819923458423256,0.4655938766738605,0.0,0.0,
clipgt-844c717f-dea4-4f72-86cf-92752eceebe5,heldout763,1,-0.5664226076351666,40.46052631578947,40–60,7.998274151998513,8.108561144773404,159.73602640941664,0.0,1.0,0.902474993596351,0.0,0.0,
clipgt-8489e6c7-a57e-4ace-ae2c-af07850bb0a8,heldout763,1,-0.9020957521612896,30.04385964912281,20–40,7.15087096252971,2.0751911987704608,143.06748327659002,0.3563393955593035,0.6436606044406965,0.5149284835525573,0.0,0.0,
clipgt-852f57f7-669e-4372-9851-ee55ce9c9f74,heldout763,1,-0.7132141610036905,35.526315789473685,20–40,3.347050214392042,22.543822367848517,66.94487042267905,1.0,0.0,0.5794837384265114,1.0,0.0,
clipgt-85461521-d2ea-4880-b348-c6c4c42c5acb,heldout763,1,-1.7606712617765607,3.9473684210526314,0–20,1.5625570011113417,0.28751030125180316,31.267935725043195,1.0,0.0,0.560492285414915,0.0,1.0,easy100
clipgt-8578f2c7-70a0-4877-980a-7ba65bcded30,heldout763,1,-0.5797973953430902,39.80263157894737,20–40,6.1026357891477785,15.294382471799855,121.99019028474915,0.0,1.0,0.9004876551725455,0.0,0.0,
clipgt-857c3596-5705-448f-a6a8-20c5720aca75,heldout763,1,1.2446312254732752,79.71491228070175,60–80,12.799900653330697,39.744400136383746,255.93838159535935,0.2074939343477984,0.7925060656522016,0.6340048525217613,0.0,0.0,
clipgt-8588b919-8293-4708-a7cf-b911d05791a6,heldout763,1,0.9979491434724468,76.75438596491227,60–80,19.75504327713664,5.085590866581522,394.93872323577284,0.544098012328031,0.45590198767196904,0.36472159013757527,0.0,0.0,
clipgt-85e8df35-1c8b-4236-a64d-45e79324f69a,heldout763,1,2.2110658099460125,91.8859649122807,90–100,29.551910088904698,0.02956899450849834,590.948463453554,0.0,1.0,0.9264084648408124,0.0,0.0,hard100
clipgt-862841cb-413b-4be7-9544-bc20c41fe22e,heldout763,1,0.4637881275409378,68.96929824561404,60–80,13.607186716579236,14.627258378470735,272.12307805759735,0.0,1.0,1.0,0.0,0.0,
clipgt-8659d8e4-3fb3-4cb7-8e92-2596ef9ee5f1,heldout763,1,-1.2715426251109683,18.530701754385966,0–20,4.961373797233017,0.4477420888018965,99.3352094583311,1.0,0.0,0.4515322749225237,1.0,0.0,
clipgt-86a858a3-637b-4afd-8ec6-8cd53721ec3d,heldout763,1,-1.3075605561581956,16.776315789473685,0–20,3.2544638029745325,6.245823801163393,64.65825760228631,0.0,1.0,0.9242730001698143,0.0,0.0,
clipgt-86ad21f0-5c8e-4733-9e48-585b3b3c0607,heldout763,1,-1.2089069374091843,21.162280701754387,20–40,5.473560541698255,0.16134386436855355,109.18187725716315,0.41523978389226324,0.5847602161077368,0.4678081728861894,0.0,0.0,
clipgt-86d06a78-3ff2-483b-a319-9a772fce45e0,heldout763,1,-1.685647445183947,5.701754385964913,0–20,1.9648032776012,0.787018540393592,39.301125708399745,0.0,1.0,1.0,0.0,0.0,easy100
clipgt-86dce47a-0e1f-44bb-80bd-ee2ffbe986c5,heldout763,1,0.38257306096299315,67.21491228070175,60–80,16.66539789632913,0.1518429073788014,332.8103585194691,0.2731379843561256,0.7268620156438744,0.5814896125150996,0.0,0.0,
clipgt-8701a102-a13a-440a-9988-6ba8a818bc7f,heldout763,1,-1.4965807793330068,10.526315789473685,0–20,3.277331158863184,0.8539119606450076,65.3907445385087,0.0,1.0,0.9894426304843209,0.0,0.0,easy100
clipgt-8730fd20-aed2-454d-8ac5-731dc8629687,heldout763,1,0.2818395561510062,65.0219298245614,60–80,13.232146361899325,11.020741008857858,264.69128993979484,0.0,1.0,0.9000096954086694,0.0,0.0,
clipgt-873ed540-50bd-4ee7-898b-517de85f37f0,heldout763,1,-0.41890877437128177,46.71052631578947,40–60,9.091549917472303,7.884689342620135,181.96484624648176,0.3709898717485848,0.6290101282514152,0.5032081026011322,0.0,0.0,
clipgt-875e79d9-194f-478a-a4ec-e130649bde17,heldout763,1,-0.6782544579486858,36.95175438596491,20–40,4.042096376314486,20.751957041513645,80.80672117441549,1.0,0.0,0.35744016377598725,0.0,1.0,
clipgt-877e28d9-f999-45e7-9a9d-701e75514f19,heldout763,1,-0.038078703845773665,58.1140350877193,40–60,9.870139883464546,15.45886379679534,197.72009340721303,0.4869786258794475,0.5130213741205525,0.41041709929644205,0.0,0.0,
clipgt-87a799d2-9112-4765-9c3c-353537f4c479,heldout763,1,0.885463997093467,75.21929824561404,60–80,12.76996845485679,29.791642029539524,255.39709075676265,0.0,1.0,0.9724732536809115,0.0,0.0,
clipgt-88c177dc-3efe-41d6-8d6f-c8e7f548cb90,heldout763,1,-1.4040453236044672,13.925438596491228,0–20,3.979538303020738,0.6480842975067094,79.61015062990785,1.0,0.0,0.8757370380573279,0.0,1.0,easy100
clipgt-88c5959a-460b-46a5-a7ef-18ad980454c4,heldout763,1,-1.4240470195061143,13.37719298245614,0–20,3.994807815119181,0.026272164920807993,80.2750014070702,0.0,1.0,0.8265444998429835,0.0,0.0,easy100
clipgt-88d1e61e-d4a6-443a-8b3f-ad0f1de4d0f5,heldout763,1,1.793278013833429,86.51315789473684,80–90,6.497565387335906,80.26745150288629,129.95943663645357,1.0,0.0,0.12042072450978444,1.0,0.0,
clipgt-891e6fc3-eefa-4230-9751-2f72958091df,heldout763,1,-1.2325896501554485,19.62719298245614,0–20,4.829188660021582,2.067332359225265,97.0148978880231,0.6813846450425849,0.3186153549574151,0.2548922839659321,0.0,0.0,
clipgt-89329b0b-a059-4824-9e98-5fad3cdcc1e4,heldout763,1,-1.7451141969422665,4.166666666666667,0–20,1.1249433680368557,2.4692315952903927,22.244909282711365,0.0,1.0,1.0,0.0,0.0,easy100
clipgt-895e3736-398f-459a-b511-5781e8120c6c,heldout763,1,0.12775829563649355,61.62280701754386,60–80,13.893099763954012,4.063571773418782,278.126623599321,1.0,0.0,0.06857938199977931,1.0,0.0,
clipgt-89c2e887-cffa-4b7c-86cf-80b89be1cb06,heldout763,1,-0.44777551048419484,45.175438596491226,40–60,10.720711014764715,0.5771507269367263,214.4143774672823,0.5580736124974379,0.44192638750256213,0.35354111000204974,0.0,0.0,
clipgt-89d4188e-982c-4f29-a966-2ed03f6be864,heldout763,1,2.163506461526195,91.44736842105263,90–100,3.541945676443248,102.43849040105756,70.73799843387837,1.0,0.0,0.11825406780616421,1.0,0.0,hard100
clipgt-89f2eeb8-f4e4-42a1-8e07-d60003d223dc,heldout763,1,0.5571199215482303,70.72368421052632,60–80,14.999854785131477,11.689808965666616,300.02949932735146,0.0,1.0,0.9197339477375635,0.0,0.0,
clipgt-8a143cb2-4805-452c-97a2-8461062def2d,heldout763,1,0.7916480434157341,74.01315789473684,60–80,5.897207947890982,54.57326051551882,117.58588907577075,0.0,1.0,1.0,0.0,0.0,
clipgt-8a97e5f9-a699-48ff-acc3-0a3c28253d9d,heldout763,1,1.1015584492384605,77.85087719298245,60–80,5.351422178471665,65.44099993767628,107.0825441765726,1.0,0.0,0.34991440606313967,1.0,0.0,
clipgt-8aaa1135-573f-4f6c-8ff8-7ac6bd6ea5d6,heldout763,1,-1.1419059017671778,23.68421052631579,20–40,5.945887720349356,0.1563460851499224,118.7112073400387,0.0,1.0,1.0,0.0,0.0,
clipgt-8c129b2d-9aeb-484e-a926-695ea77c8429,heldout763,1,1.487867241519917,82.89473684210526,80–90,23.518337283517454,3.814217756152401,470.3659653844154,0.0,1.0,0.963582405977801,0.0,0.0,
clipgt-8c7c7571-ada8-40ad-87de-3d2abc262fbd,heldout763,1,0.5547900094789087,70.50438596491227,60–80,7.320976561584504,42.252234182948946,146.45025706084368,1.0,0.0,0.07723666850201726,1.0,0.0,
clipgt-8cf7348a-6353-4470-9cfc-31c00d332a6a,heldout763,1,1.2297862524916023,79.05701754385964,60–80,19.274619279327688,13.503216686225121,385.38148632691104,1.0,0.0,0.2572798508036407,0.0,1.0,
clipgt-8d3cbdc7-22b3-4116-9a4b-1d57c2727b87,heldout763,1,0.5532762099455995,70.39473684210526,60–80,12.910704294994476,19.914747907750066,258.0346111228055,1.0,0.0,0.5809497388563144,0.0,1.0,
clipgt-8de5f8f0-9693-4c9b-8d19-70e2692fd40f,heldout763,1,-1.1454294335718798,23.464912280701753,20–40,5.506118762073818,1.811585908182362,109.86345735868173,0.0,1.0,0.9980755901402552,0.0,0.0,
clipgt-8e62a884-5667-4cd0-961e-7220d88159ec,heldout763,1,0.650062858104623,71.9298245614035,60–80,17.36144146906946,4.87685259054747,347.2540141028368,0.0,1.0,0.9465389933280136,0.0,0.0,
clipgt-8e9691d4-0a0b-44bd-88c9-316ef126b10a,heldout763,1,0.4917307376829094,69.62719298245614,60–80,7.764271087482942,38.71574742982719,155.27023880946498,0.0,1.0,1.0,0.0,0.0,
clipgt-8ecf02e3-860b-4ad1-ab9a-8ce031d73c6f,heldout763,1,-1.073777996374335,26.20614035087719,20–40,5.456020813823364,4.020730107964321,109.5227593322686,0.3093744872879888,0.6906255127120112,0.552500410169609,0.0,0.0,
clipgt-8f549ba1-041e-4004-8c2e-825cde7b78bb,heldout763,1,-1.4773417361790004,11.18421052631579,0–20,3.5208065141748572,0.4223143023523841,69.9145989475445,0.34387685699180115,0.6561231430081989,0.5248985144065591,0.0,0.0,easy100
clipgt-8f8d5705-944e-4051-ab25-66a230a11dce,heldout763,1,2.7194351417476965,96.2719298245614,90–100,11.978369398184665,84.37913839953147,239.63621135993247,0.39815121110308516,0.6018487888969148,0.4814790311175319,0.0,0.0,hard100
clipgt-8f9634bb-b35a-4743-be67-9c16ddfa4d48,heldout763,1,-0.7708581057283357,34.10087719298246,20–40,8.52635287101232,0.26928578008571996,170.43847390164615,0.0,1.0,0.9547778190896437,0.0,0.0,
clipgt-8f9ca4ab-5534-4c9c-8a6b-aa8f745bc7af,heldout763,1,0.8504229619848638,74.67105263157895,60–80,19.90037212105627,0.36885201529447953,398.01015296678133,0.4685622047776712,0.5314377952223288,0.4251502361778631,0.0,0.0,
clipgt-8fa1161f-2715-45e4-b826-2da085ae46f5,heldout763,1,-0.5508785980120161,41.00877192982456,40–60,9.787793524975063,1.406834710536594,195.75245354450556,0.0,1.0,0.8944504126135178,0.0,0.0,
clipgt-8fd8f4f0-64d4-47ea-a8b5-0f18d51735f6,heldout763,1,-0.6941076202493159,36.40350877192982,20–40,8.603854372360335,2.112483185394994,171.8626322801598,0.12782406013501046,0.8721759398649895,0.6977407518919917,0.0,0.0,
clipgt-903731dd-809b-4bae-9ebd-a53e5d49dbbd,heldout763,1,-0.7400694051936743,35.30701754385965,20–40,8.715865480290761,0.3768100798276863,173.94324102556027,0.6715676885344354,0.3284323114655646,0.2627458491724517,0.0,0.0,
clipgt-9060b1c7-09d4-461a-b366-bb0ca91addc8,heldout763,1,-0.5642629133596248,40.57017543859649,40–60,9.912193445921604,0.5353195619728769,198.16341270901523,0.14735651628193058,0.8526434837180694,0.6821147869744556,0.0,0.0,
clipgt-90c09065-a862-4c17-8ae2-e0efff404488,heldout763,1,-0.8978663216750791,30.37280701754386,20–40,7.08728054793788,2.4474323164353025,141.6475900677222,0.09795152695454612,0.9020484730454539,0.7216387784363631,0.0,0.0,
clipgt-90d1908c-9fdc-40ea-a5a1-351240aa323e,heldout763,1,5.428074447234267,100.0,90–100,11.703282082817738,161.4348539252332,234.0185189140355,0.44716361311671593,0.5528363868832841,0.4422691095066273,0.0,0.0,hard100
clipgt-9190bd3f-1572-4a74-b9c4-f9483f6eb441,heldout763,1,-1.4533905417693576,11.842105263157896,0–20,3.7501699996804634,0.1791459582179025,79.42380636247208,0.0,1.0,1.0,0.0,0.0,easy100
clipgt-91d84204-d511-464e-b986-6cab844794cc,heldout763,1,0.9231972260878893,75.87719298245614,60–80,17.81296629608633,10.735434023244778,356.41263179199836,0.0,1.0,0.9388741522845819,0.0,0.0,
clipgt-91f9b960-2988-4daf-ab6c-d43e6730a81e,heldout763,1,-1.826597745761867,2.6315789473684212,0–20,1.142867363759252,0.11269313379083405,22.935575704046833,0.0,1.0,1.0,0.0,0.0,easy100
clipgt-92af888e-acdd-45e9-b8bb-06406f232300,heldout763,1,-1.805491808096673,2.960526315789474,0–20,1.2744366607061333,0.1797943281692605,25.59422844617266,0.0,1.0,0.962544363612186,0.0,0.0,easy100
clipgt-93982b71-92af-4cf6-8447-00d619f50ad3,heldout763,1,2.368544120318043,93.09210526315789,90–100,5.999823872715718,98.3849463377806,120.07427526953128,0.7072160743210933,0.29278392567890665,0.23422714054312532,0.0,0.0,hard100
clipgt-9478cdc4-4d6c-4d25-a842-f30f826fb9d9,heldout763,1,-1.667651869655352,5.921052631578948,0–20,2.2679594582991385,0.08250895307729834,45.42274670599146,0.0,1.0,0.9778573395364348,0.0,0.0,easy100
clipgt-951c7ae7-186f-49dc-a228-57fa042cce84,heldout763,1,-1.2929704460197717,17.763157894736842,0–20,3.545984358638316,5.4922241095686966,70.68719058358442,0.20986359779054942,0.7901364022094506,0.6321091217675605,0.0,0.0,
clipgt-954c1983-7ed6-4f06-af5b-3672e1d8b77f,heldout763,1,-0.4539955827322138,44.62719298245614,40–60,9.568996949102939,4.996416056684484,191.29173083242853,1.0,0.0,0.3844299881326788,1.0,0.0,
clipgt-957bb1a4-cbc7-49ad-bcdb-b627eb211745,heldout763,1,-0.16488589381399948,53.94736842105263,40–60,9.397013762608408,13.789901187472367,188.4212927484649,0.5014517834898835,0.49854821651011655,0.39883857320809324,0.0,0.0,
clipgt-9628d193-4e5d-4d24-a6d2-319eeeac88ab,heldout763,1,1.0711545080768847,77.41228070175438,60–80,1.5971488367460358,79.56257234489374,31.685300671845358,1.0,0.0,0.13332389496366437,1.0,0.0,
clipgt-96afa4f7-099a-4b05-8763-0bf6b4e1c1b3,heldout763,1,-1.5451543948239985,8.991228070175438,0–20,2.9192641431503987,0.9199358685003672,57.662937167196084,0.0,1.0,0.9997966055972515,0.0,0.0,easy100
clipgt-96eb4700-3f26-4629-86df-7e736935f51d,heldout763,1,2.4639180672613636,94.07894736842105,90–100,11.05892537216527,80.88092930705716,221.3959566959619,0.865415006455913,0.134584993544087,0.10766799483526962,0.0,0.0,hard100
clipgt-977bc140-56dd-4806-829f-caf87810b926,heldout763,1,0.7999249296184493,74.34210526315789,60–80,19.60117799746423,0.14609060013727157,392.14355649388835,0.0,1.0,1.0,0.0,0.0,
clipgt-97a2e621-a27b-4b87-9a58-b6b740fc1b4e,heldout763,1,-1.197062493027833,21.710526315789473,20–40,5.526182395755714,0.2836121368236269,110.66549073429846,0.1921831927232549,0.8078168072767451,0.6462534458213961,0.0,0.0,
clipgt-9827beca-da31-4711-bc94-9a807091c0b9,heldout763,1,-0.9490981512847563,29.49561403508772,20–40,2.3181233059382094,20.032865276172394,46.077110714997374,0.0,1.0,1.0,0.0,0.0,
clipgt-984b2242-ddb6-4c71-b98a-8cc87972d974,heldout763,1,-0.35374365579825423,48.574561403508774,40–60,10.400653241609723,4.490664465549368,208.04160145042687,0.7388807159401991,0.2611192840598009,0.20889542724784074,0.0,0.0,
clipgt-98554693-d510-40cd-b442-eef9e4102b88,heldout763,1,-1.3369947133718991,16.228070175438596,0–20,4.0886614911507095,2.0931422153915924,81.95613434774383,0.0,1.0,1.0,0.0,0.0,
clipgt-98dd56b2-3e60-49ec-9366-70b610dd93cc,heldout763,1,-0.4438997935452753,45.50438596491228,40–60,8.813431205885585,8.293161585451777,176.30436264101752,1.0,0.0,0.9988545238212216,1.0,0.0,
clipgt-994977b5-4db6-43eb-950a-c0faaccc930b,heldout763,1,1.4442284948483395,82.23684210526316,80–90,7.627510294230818,65.9721708267597,152.25101959068144,0.6432144110956941,0.35678558890430595,0.28542847112344477,0.0,0.0,
clipgt-994cb976-c692-4103-92e9-81f04e61959a,heldout763,1,2.957337107636778,97.58771929824562,90–100,34.69601597251785,0.4396533202792058,693.9942678778898,0.0,1.0,0.9562798640174277,0.0,0.0,hard100
clipgt-9973e572-f9b5-4347-8bb1-90ffb1291c0f,heldout763,1,-1.6599354557695252,6.469298245614035,0–20,2.274784507043742,0.27167853791400537,45.525682827897114,0.0,1.0,1.0,0.0,0.0,easy100
clipgt-99b578f0-e074-4e95-9ffe-772eeb98e72c,heldout763,1,0.4272735786793689,68.53070175438596,60–80,9.278633838347822,30.86802631067446,186.12782626938824,0.7036120174997771,0.2963879825002229,0.23711038600017836,0.0,0.0,
clipgt-9a190a00-0303-4c11-8acf-9a5e6d1c4b71,heldout763,1,-1.8076272945406826,2.8508771929824563,0–20,0.7666860919077262,2.145108764924259,15.01744248734536,0.0,1.0,0.9979232116793866,0.0,0.0,easy100
clipgt-9a735365-8fd3-48eb-a831-01878a2315f0,heldout763,1,1.8216077739261358,86.73245614035088,80–90,22.78994612078179,16.078561493221944,455.8574884989131,0.12159992682301501,0.878400073176985,0.702720058541588,0.0,0.0,
clipgt-9b09222a-b9ce-4c87-a59a-ac704f168122,heldout763,1,0.42707341735677373,68.42105263157895,60–80,16.572840415236318,1.7689408953594528,331.05125946602584,0.0,1.0,0.9676908181948597,0.0,0.0,
clipgt-9b314680-02be-48fe-bd6d-162a00a743d1,heldout763,1,-0.0681713203375375,57.675438596491226,40–60,11.173788023651209,9.41527980757831,224.41817786832348,0.15159256478045857,0.8484074352195414,0.6787259481756331,0.0,0.0,
clipgt-9b3509c2-a5fa-42c0-b0e5-feb617e9bf4e,heldout763,1,0.774139649551419,73.6842105263158,60–80,18.433393404080658,4.080786278007224,368.6683548530668,0.0,1.0,0.9296371814312555,0.0,0.0,
clipgt-9b6a51bd-cb54-4a68-8ed8-0e33a504c67e,heldout763,1,-1.1068785675028832,25.0,20–40,4.290746665959328,7.740269612400295,85.78076966906097,0.0,1.0,0.9999463504704584,0.0,0.0,
clipgt-9bcb959a-3093-4b6b-9a93-7a334f469248,heldout763,1,-0.7709449678707323,33.99122807017544,20–40,8.420685910759394,0.6883102399544454,169.20368330743815,0.0,1.0,1.0,0.0,0.0,
clipgt-9c30e7ee-3660-465a-a079-99da78872a04,heldout763,1,-1.924252310216915,0.9868421052631579,0–20,0.4599584998596451,0.09799277924621695,9.079822861983276,0.0,1.0,0.974877680033453,0.0,0.0,easy100
clipgt-9c6b0313-a5be-410d-8e40-430b2adc6144,heldout763,1,1.4412840705312402,82.12719298245614,80–90,20.138619995830048,15.988131194944357,402.73411981838785,0.0,1.0,1.0,0.0,0.0,
clipgt-9c892e05-ce95-4eb7-8bc6-ae18f9ac1a44,heldout763,1,-1.8659061246431423,1.9736842105263157,0–20,0.7375553450408507,0.6269826662356257,14.732648220701705,0.0,1.0,1.0,0.0,0.0,easy100
clipgt-9d60ced7-5dc9-4d84-ad25-3848f42eded8,heldout763,1,0.09689522647091675,61.074561403508774,60–80,12.890782030162173,7.195894175733826,257.8172348453781,0.0,1.0,0.8666949995555862,0.0,0.0,
clipgt-9d8fca3b-10c0-408f-9c3a-486ae4ea6b98,heldout763,1,1.1003647784989097,77.74122807017544,60–80,20.022972701048822,6.888981777249306,400.28591943706044,1.0,0.0,0.3054258338190445,0.0,1.0,
clipgt-9dfc06b4-f46d-42ef-a552-d71ef221e0b5,heldout763,1,-1.0768977271004885,26.096491228070175,20–40,6.259319015305106,0.7292301676258527,125.3818962635952,0.0,1.0,0.9999986767363509,0.0,0.0,
clipgt-9e17ce05-b221-40a7-8ded-08d3cb018147,heldout763,1,-0.794550257124731,33.333333333333336,20–40,6.462661980124639,7.836066456303198,129.46686959262817,0.0,1.0,0.9058653546564877,0.0,0.0,
clipgt-9e3fd12d-e7af-41f5-881f-0f85ef927f23,heldout763,1,-0.8003676161518091,32.89473684210526,20–40,8.210125737200823,0.7030439506151298,164.55840804170208,0.0,1.0,0.9950631833411524,0.0,0.0,
clipgt-9e6753c2-77cc-432f-a79c-384a45be0131,heldout763,1,0.14647496744400834,62.280701754385966,60–80,14.333232830197938,2.8329416771514913,286.6613320749333,1.0,0.0,0.8918530981955753,0.0,1.0,
clipgt-9e77fe57-8c5e-4cdf-add7-fde6107db9ca,heldout763,1,-1.0992792712960808,25.32894736842105,20–40,6.0292795268537835,1.0191125793525768,120.69835396025204,0.8343537808738878,0.16564621912611224,0.1325169753008898,0.0,0.0,
clipgt-9ea70552-6dcb-4ee8-a368-9a906a333f6e,heldout763,1,-0.05420088044733301,57.78508771929825,40–60,7.53255061375988,24.330393222235358,151.01569437247855,0.0,1.0,1.0,0.0,0.0,
clipgt-9f20476f-6ef6-46f4-a77c-ac511fde19a1,heldout763,1,-0.8354421371371128,31.79824561403509,20–40,7.368024419347862,3.078229593287402,147.07214180994254,0.0,1.0,0.8946533754030845,0.0,0.0,
clipgt-9f2f1c8b-8d42-4021-b3b1-1dbd6b68d47b,heldout763,1,2.359144431465391,92.87280701754386,90–100,27.57733836569446,12.057867924085901,551.4754515416791,0.0,1.0,1.0,0.0,0.0,hard100
clipgt-9f8acd00-e8f5-467a-867d-b205f8d4d75d,heldout763,1,-0.812428553813334,32.56578947368421,20–40,8.166963870166438,0.5369727013292867,163.93677538090213,0.0,1.0,0.9674740430832134,0.0,0.0,
clipgt-9fa1d6eb-7e0f-417f-8fa6-7dd38b28b8f9,heldout763,1,-1.7016678125983447,5.043859649122807,0–20,1.7384953912769199,1.2404039902338082,34.83513962997907,0.0,1.0,1.0,0.0,0.0,easy100
clipgt-a013c0c6-c2f0-40b7-ab4a-775138e0d7b6,heldout763,1,-1.3222476373297158,16.55701754385965,0–20,4.406909229166093,1.2373410201865265,87.92756940774933,0.0,1.0,0.9884543047404076,0.0,0.0,
clipgt-a0eef9d8-6a3b-4a33-9a14-92f699a1aee3,heldout763,1,2.7617654217453826,96.71052631578948,90–100,6.955594698228448,105.59990999392978,139.20329250840655,0.6624397933125195,0.3375602066874806,0.2700481653499845,0.0,0.0,hard100
clipgt-a100665e-9a77-4778-99df-19f6af19a196,heldout763,1,-1.8876690900039002,1.3157894736842106,0–20,0.4095612325423361,1.3249110423842663,11.423355587359596,0.0,1.0,0.9920698138334654,0.0,0.0,easy100
clipgt-a174faed-c8e1-4b48-b85e-fecdff7ccca9,heldout763,1,1.8554323766393366,87.17105263157895,80–90,4.974173452823975,88.08660874538361,99.90732715287709,1.0,0.0,0.40353922830502953,1.0,0.0,
clipgt-a1c1e7d5-8dd8-4953-bdf2-a60237a7f36f,heldout763,1,0.834708727863982,74.56140350877193,60–80,19.859200549528325,0.09239274952697071,397.2756780583093,0.375582387748281,0.624417612251719,0.4995340898013752,0.0,0.0,
clipgt-a278cf55-daa7-4822-a186-11b9ada42d9e,heldout763,1,-0.34336703100748134,49.01315789473684,40–60,7.093839825637574,17.97112197129831,141.8399135526607,0.5529118206904625,0.4470881793095375,0.35767054344763,0.0,0.0,
clipgt-a28ca9d5-9df8-48d4-9685-43424792c104,heldout763,1,-0.07389630157210791,57.34649122807018,40–60,13.381724895491088,0.4482174217073322,267.51294315304335,0.0,1.0,1.0,0.0,0.0,
clipgt-a2b415d5-2d72-4cc2-a77d-868248d0ba22,heldout763,1,1.0429781984792907,77.30263157894737,60–80,17.68805793844212,14.592663973279894,353.8833329408877,0.4451119102011085,0.5548880897988915,0.4439104718391132,0.0,0.0,
clipgt-a2c5ae46-0d99-4b7f-b1f2-e7443fd457e2,heldout763,1,0.2924653251506366,65.13157894736842,60–80,12.079491376639323,15.916168047592818,241.64242784653595,0.09267925656708831,0.9073207434329117,0.7258565947463294,0.0,0.0,
clipgt-a309e228-26e1-423e-a44c-cb00aa7378cb,heldout763,1,-1.235150606151684,19.407894736842106,0–20,4.704385459989337,2.493301960418062,93.87556233283813,0.0,1.0,0.9999922961387225,0.0,0.0,
clipgt-a32549eb-9106-4357-b6a7-b4fa4b025c78,heldout763,1,2.872591949659035,97.14912280701755,90–100,31.013381385846326,12.751595847087808,620.3059969694895,0.0,1.0,1.0,0.0,0.0,hard100
clipgt-a35a2bdf-b828-438e-8ee7-4cb4fa198aeb,heldout763,1,-1.2141937047201377,20.614035087719298,20–40,4.413659563433268,4.240578749867237,88.69230469590732,1.0,0.0,0.0917845289029688,1.0,0.0,
clipgt-a3d1e9d6-21df-4da7-91d4-00b2aab79ac5,heldout763,1,0.7238216182519149,73.02631578947368,60–80,19.00096130289652,0.40592941359958534,379.8373289896848,0.0,1.0,0.9922428841834435,0.0,0.0,
clipgt-a3f994f5-4467-46a6-b1ea-0a54bac9c5f6,heldout763,1,-1.3876371067286448,14.364035087719298,0–20,4.005767950737634,1.0036019044404876,79.4239606838762,0.0,1.0,0.9807327560272208,0.0,0.0,easy100
clipgt-a5c06f4f-de00-44d1-add2-0a89818a3b0b,heldout763,1,1.883518098602441,87.60964912280701,80–90,6.999784910470999,80.79491977497513,139.87090651941122,0.8717385828921669,0.12826141710783306,0.10260913368626647,0.0,0.0,hard100
clipgt-a636f467-6791-4c4c-b0c3-8712db044c41,heldout763,1,-1.1807598126364973,22.36842105263158,20–40,5.66019039016573,0.2062884213670568,112.93479828122378,0.0,1.0,0.9235081323444537,0.0,0.0,
clipgt-a64b1333-89c8-4eea-bf9a-890703edf9c1,heldout763,1,-0.47869996568527107,43.64035087719298,40–60,9.87882338818654,3.0678645523108075,198.02132236485028,0.034208159570774055,0.965791840429226,0.7726334723433808,0.0,0.0,
clipgt-a6941bb6-6c7f-4842-8134-ac84bd95fe44,heldout763,1,2.6364125847366213,95.6140350877193,90–100,32.44911845150121,0.40186442499346947,648.8236684660411,0.0,1.0,0.8421636646553785,0.0,0.0,hard100
clipgt-a6db4919-62db-4da9-bde9-ea065d018562,heldout763,1,2.7991406390574696,96.8201754385965,90–100,12.572306781327326,84.24536135899822,251.99726454064523,0.1043499337083178,0.8956500662916822,0.7165200530333458,0.0,0.0,hard100
clipgt-a6f6032f-7719-4aac-95e0-6320c4cb8896,heldout763,1,-1.2193253439413714,20.17543859649123,20–40,4.527227871903737,3.6436964900697415,90.37386893393975,1.0,0.0,0.3518267735767278,0.0,1.0,
clipgt-a729d3eb-6eda-4756-bd9d-156ec1acdeaf,heldout763,1,-1.2390930165302858,19.29824561403509,0–20,3.030050311256518,9.060951994873943,60.66285814538211,0.0,1.0,0.9999955828316255,0.0,0.0,
clipgt-a72b3cac-29e9-467c-bf38-f59f6b55a7d2,heldout763,1,1.1867867260351788,78.7280701754386,60–80,20.736838478454903,6.46521138814998,414.7453670815367,1.0,0.0,0.44818920264451534,1.0,0.0,
clipgt-a75fa79c-c796-4689-8b44-34c599d3bee6,heldout763,1,1.212874751235553,78.83771929824562,60–80,22.272529515667255,1.071584056832766,445.48355642084,0.0,1.0,1.0,0.0,0.0,
clipgt-a7d14ffa-d0bf-4df0-802a-639948f36888,heldout763,1,-1.2738002109977282,18.42105263157895,0–20,3.641119674303904,5.650361874673351,72.72558278799445,0.0,1.0,0.9777413966242767,0.0,0.0,
clipgt-a80c2cc9-8f02-46bb-9f3c-ce797178bd1a,heldout763,1,-0.9191740896679448,29.93421052631579,20–40,5.374341251735263,8.682080187845806,106.86247081072003,0.0,1.0,0.8561433675863512,0.0,0.0,
clipgt-a829674d-63e1-430b-8682-9da4fac3c2ad,heldout763,1,-0.4807471351864941,43.530701754385966,40–60,10.574087879027822,0.2373427959777693,211.46970103628794,0.0,1.0,0.9159454763866685,0.0,0.0,
clipgt-a8f596d6-85f5-4504-87b4-6d527c4fc4f2,heldout763,1,0.7123263859827649,72.80701754385964,60–80,12.700958544652664,25.211586230376895,253.99283124203174,1.0,0.0,0.7072594939903306,0.0,1.0,
clipgt-a95fd3b2-ae3e-4c4a-8e24-f543bb0e3db0,heldout763,1,-0.5723988821135435,40.24122807017544,40–60,9.593987990174453,1.5763477292078283,192.10578623496323,0.0,1.0,0.8776612356477135,0.0,0.0,
clipgt-a96274d4-a18d-4369-ac0f-420163f54df1,heldout763,1,-1.7393719274778514,4.276315789473684,0–20,1.5865174927297203,0.7892404566117471,34.00368751234595,1.0,0.0,0.261196583987575,0.0,1.0,easy100
clipgt-a99edad2-4ee8-44c5-9acc-509359bfcb0f,heldout763,1,0.8013520486876755,74.45175438596492,60–80,14.383662972373681,20.99654869162242,287.70852479046187,0.3777970004701878,0.6222029995298122,0.49776239962384977,0.0,0.0,
clipgt-a9c81fec-e33f-4363-8634-ca789045b0c9,heldout763,1,2.3607951754542604,92.98245614035088,90–100,6.262582479784934,97.11961050985465,124.96888901113552,1.0,0.0,0.12162659917933201,1.0,0.0,hard100
clipgt-a9e8dfc7-24ff-4c9d-8fe1-20210c077073,heldout763,1,-1.5218247561518463,9.539473684210526,0–20,2.7303334768719294,2.3277337857019593,54.843460870232576,1.0,0.0,0.22914918397487974,1.0,0.0,easy100
clipgt-aa67b65f-8673-49c4-a7db-6683114b4da3,heldout763,1,-0.4298438987134224,46.05263157894737,40–60,10.604942446854778,1.5417591623963245,212.09012352912515,0.38369424265967134,0.6163057573403287,0.49304460587226295,0.0,0.0,
clipgt-aaf093de-2f7a-444d-97bc-296b681fd996,heldout763,1,2.691817521651582,95.94298245614036,90–100,28.967004246783883,15.844253095474347,579.3933544376573,0.0,1.0,0.875095064075706,0.0,0.0,hard100
clipgt-ab09743b-ac37-403b-b84e-29089fc58474,heldout763,1,3.039678303138144,97.80701754385964,90–100,33.242421050861815,8.546520487728062,665.008873896963,1.0,0.0,0.8064619658655546,0.0,1.0,hard100
clipgt-ab7e9102-dfb7-44a2-affa-dd85ee411886,heldout763,1,1.927288330602579,88.04824561403508,80–90,24.05686348273962,13.988974879136073,481.04794533315396,0.0,1.0,1.0,0.0,0.0,hard100
clipgt-ab90f21a-227b-4395-aeac-be73e0cfcc8d,heldout763,1,-1.6431431842382342,6.798245614035087,0–20,2.300111643883939,0.6415659392120717,45.90973499162674,0.0,1.0,0.9970903748517979,0.0,0.0,easy100
clipgt-abc2dc67-8e69-4bc5-bfc7-3b4e0db31e35,heldout763,1,-1.551269761165883,8.662280701754385,0–20,2.8967902944978445,0.8380809154524677,57.622257753063494,0.0,1.0,1.0,0.0,0.0,easy100
clipgt-ac030b40-1701-4d26-b7ea-5017162e2758,heldout763,1,-1.689915223118569,5.482456140350878,0–20,2.110837860990781,0.08486749296140275,42.26944601256684,0.0,1.0,1.0,0.0,0.0,easy100
clipgt-acc6b9af-19b1-4552-bbf5-60af1d415b40,heldout763,1,1.004542805020616,76.97368421052632,60–80,19.28644701798577,7.1395274389409815,385.76145732075975,0.23371156599420462,0.7662884340057954,0.6130307472046364,0.0,0.0,
clipgt-acd22430-0c18-43bc-a036-af9804eaace3,heldout763,1,1.7644792821342208,85.96491228070175,80–90,23.081870485827128,13.312142777068901,461.57131774200593,0.0,1.0,0.897156646737909,0.0,0.0,
clipgt-ad098ec4-eeab-4022-9cc6-fc91a9946027,heldout763,1,-0.09112157266749277,56.68859649122807,40–60,12.24748539269413,4.4891648383187,244.97024409025934,0.0,1.0,0.9828853174274772,0.0,0.0,
clipgt-ad447ab2-4c1a-435a-8542-bb507b9ecdd7,heldout763,1,0.7190935878580402,72.91666666666667,60–80,18.380048955849027,2.7498949733432294,367.5939386070331,0.7005770049924178,0.2994229950075821,0.23953839600606572,0.0,0.0,
clipgt-ad69dd31-6d89-4869-90a9-3a4da4b35843,heldout763,1,-0.8157751935093231,32.34649122807018,20–40,7.9202584818658135,1.427125059065272,158.37417891308252,0.15638670389027165,0.8436132961097284,0.6748906368877827,0.0,0.0,
clipgt-ad927cb1-fe19-44e0-943a-99959a38fac9,heldout763,1,-1.3569472220101013,15.460526315789474,0–20,4.140453002561625,1.3270387990334167,82.59149448403711,0.0,1.0,0.9907753835505655,0.0,0.0,
clipgt-ada42468-1398-4634-b34f-fdec686d0569,heldout763,1,0.3129683631160268,65.46052631578948,60–80,10.691736252210237,22.026297808864296,213.84839739037886,0.19710726243458554,0.8028927375654145,0.6423141900523316,0.0,0.0,
clipgt-ada590cf-e6eb-4d6b-bed7-ecbc1f5ad9cd,heldout763,1,-1.010811914181688,27.960526315789473,20–40,6.8694300592586375,0.1490058051344873,137.02189224402275,0.1756679324562106,0.8243320675437894,0.6594656540350315,0.0,0.0,
clipgt-adb899bd-45f6-420f-b04a-79eb32a02e92,heldout763,1,5.0139353869405054,99.89035087719299,90–100,3.4542112830134433,182.72314872423155,69.27370991677353,0.8000378286154611,0.19996217138453887,0.1599697371076311,0.0,0.0,hard100
clipgt-ae5b6532-6396-4bcc-bc30-758ca184e899,heldout763,1,-0.32419717986572183,49.89035087719298,40–60,11.524864232751439,0.8352406693596061,230.13351685692973,0.0,1.0,1.0,0.0,0.0,
clipgt-ae723017-f248-42f1-a480-4328524ce949,heldout763,1,-1.6259425845102027,7.456140350877193,0–20,2.3754470635421066,0.8234424437188618,47.522937474309416,0.0,1.0,1.0,0.0,0.0,easy100
clipgt-ae850982-a7b9-4df3-891f-4dc84be870f6,heldout763,1,-1.086421366365204,25.767543859649123,20–40,6.068344113984837,1.2238755205454577,121.49390129675969,0.14422326519459794,0.8557767348054021,0.6846213878443217,0.0,0.0,
clipgt-aeeaa73d-9274-4610-9669-193ff356a53d,heldout763,1,-1.3667331540515542,15.021929824561404,0–20,3.2754928539412775,4.502567733042046,65.56852137264356,0.0,1.0,0.9122307749709359,0.0,0.0,
clipgt-af093ead-13fa-4634-ba5f-108434543aae,heldout763,1,2.1419052304938178,91.00877192982456,90–100,8.307553914408693,82.82475167759742,166.15631451666718,1.0,0.0,0.8136533773690403,1.0,0.0,hard100
clipgt-af431f7b-5777-4c7f-b23b-225ccdc56ba3,heldout763,1,-1.213655247215031,20.723684210526315,20–40,4.365709264875052,4.446931986678481,87.30479552083452,0.0,1.0,1.0,0.0,0.0,
clipgt-af4bd2e0-7205-413c-ac28-2c5272c3b248,heldout763,1,2.2342390687169353,92.10526315789474,90–100,7.011881396300775,90.58195806594911,140.25768190780332,0.6710714813026297,0.3289285186973702,0.2631428149578962,0.0,0.0,hard100
clipgt-af85ffdb-3abd-40e0-be45-f7b5b8d5d0d3,heldout763,1,-0.23089328019824076,52.41228070175438,40–60,8.33262536155697,16.184243075494173,166.93361956054946,0.5414163053926218,0.4585836946073782,0.36686695568590255,0.0,0.0,
clipgt-af874fc8-6231-4284-bb68-12f88c7bf12f,heldout763,1,2.52630427931662,94.62719298245614,90–100,31.04640203245483,2.908927850165535,620.9170492000424,0.5091494593219148,0.49085054067808526,0.3926804325424682,0.0,0.0,hard100
clipgt-afa37955-fae8-4741-bb91-649ca9e3eb5d,heldout763,1,2.0654875148276246,90.13157894736842,90–100,4.99961970429959,93.87570144831076,99.92599945237706,1.0,0.0,0.7887581643484419,1.0,0.0,hard100
clipgt-afa73e60-eef7-46ff-980e-744b31b6866f,heldout763,1,-0.5334304454976507,41.44736842105263,40–60,9.837633442107817,1.6973440124825938,197.09724566174964,0.6253932206906125,0.3746067793093875,0.29968542344751004,0.0,0.0,
clipgt-afcb2149-4598-4d79-bd7e-62b8be932173,heldout763,1,1.4116904677869642,81.79824561403508,80–90,23.221405675177596,2.862321884557784,464.3958688035848,0.0,1.0,1.0,0.0,0.0,
clipgt-afd0a181-7e50-4c2d-aee3-a600b307ed04,heldout763,1,0.16869215333639354,62.828947368421055,60–80,15.171365930192273,0.11302465745284362,303.3700193690572,0.0,1.0,0.9826367937801995,0.0,0.0,
clipgt-afeb04ed-1568-4525-821e-5991d69b25ee,heldout763,1,-0.657200761254457,37.280701754385966,20–40,7.242962091824189,8.575481731757424,145.39931291340076,0.0,1.0,0.9525701138907844,0.0,0.0,
clipgt-b00f77dc-600f-40e4-b4f9-12d90b96b665,heldout763,1,0.4948606649943037,69.84649122807018,60–80,6.159092420582408,45.20589174326599,123.11557210803984,0.17262518092969792,0.8273748190703021,0.6618998552562417,0.0,0.0,
clipgt-b01837fa-bf4b-48ec-bb21-af0f8fcbe070,heldout763,1,-0.07770228852077049,57.01754385964912,40–60,12.778480153086532,2.7475713694026864,256.2164007715181,0.3004395670208687,0.6995604329791313,0.5596483463833051,0.0,0.0,
clipgt-b0473613-3b99-4ec6-b7e3-2777aaee7458,heldout763,1,-1.992768095756924,0.21929824561403508,0–20,0.000346454824579321,0.009797116855173581,0.006951405647275025,0.0,1.0,0.0,0.0,0.0,
clipgt-b04e7686-a425-4b7c-9dfb-189f68169cf2,heldout763,1,0.687486119021955,72.4780701754386,60–80,14.399868551665964,17.738763505728738,288.0512803322315,0.0,1.0,0.9547856257689076,0.0,0.0,
clipgt-b0947992-20f3-4355-903b-92fcddb84528,heldout763,1,2.0756140821329883,90.24122807017544,90–100,27.19324690983837,5.638788563081237,543.8438624001192,0.0,1.0,0.84445722083909,0.0,0.0,hard100
clipgt-b0b05970-9f3e-4a7b-936b-6f55b540bf0f,heldout763,1,-0.2264100551132311,52.63157894736842,40–60,12.140083227558168,1.1236443742786557,242.8337201330694,0.0,1.0,0.9879643147829932,0.0,0.0,
clipgt-b0ca8b13-0362-45e7-a1d1-f40d22f3340c,heldout763,1,0.7632213639834287,73.57456140350877,60–80,19.359808860146234,0.07952896293201671,387.19408207928285,0.36530340285455143,0.6346965971454486,0.5077572777163589,0.0,0.0,
clipgt-b0e2a1c0-b0c0-4e01-85be-6274268cb1e2,heldout763,1,-0.4511049183306337,44.84649122807018,40–60,10.790329714935481,0.20610473542264843,215.81476140434083,1.0,0.0,0.2562584187262317,1.0,0.0,
clipgt-b0e94b02-ba58-4d47-b8ec-9c09e0bcf900,heldout763,1,0.6199287841426564,71.49122807017544,60–80,12.745391404876269,22.443251895092438,255.01003689990057,1.0,0.0,0.35194479609963497,1.0,0.0,
clipgt-b0fa4732-6057-4e68-bb92-1f346bb5143b,heldout763,1,-1.4915562418259118,10.855263157894736,0–20,3.4671474797228563,0.23771915055913304,69.29735508755061,0.005440093645518451,0.9945599063544815,0.7956479250835853,0.0,0.0,easy100
clipgt-b1588642-dad4-4ee3-a56f-5337b85ba3ef,heldout763,1,3.542985856298799,99.56140350877193,90–100,33.118481712343794,23.15514084530015,662.4856702718852,0.3531616451136975,0.6468383548863025,0.517470683909042,0.0,0.0,hard100
clipgt-b1b170d0-d6c0-4809-9db0-c3e19ccaa9f8,heldout763,1,1.624174621631254,84.64912280701755,80–90,16.47515363212736,35.72894167498021,330.4597642299831,0.0,1.0,0.9005035686812066,0.0,0.0,
clipgt-b1dee661-0d64-478b-a19f-78526a0afdb7,heldout763,1,-1.5655346990819077,8.333333333333334,0–20,2.3786782375841162,2.5045760749682486,47.32417452493255,0.8145587340115484,0.18544126598845156,0.14835301279076127,0.0,0.0,easy100
clipgt-b2189741-4adc-496e-a094-aae1b3da335b,heldout763,1,-0.6119215577335139,38.37719298245614,20–40,9.695517654447151,0.06305289259662043,193.88670707984295,0.4470794313540499,0.5529205686459501,0.44233645491676005,0.0,0.0,
clipgt-b27b3375-5028-44bc-bec7-64785793734a,heldout763,1,1.8366020355915167,86.84210526315789,80–90,20.50063595351871,25.63012607580128,410.0083856539487,0.08048293972786624,0.9195170602721338,0.735613648217707,0.0,0.0,
clipgt-b2a82269-6d14-453d-802c-cb46611b2603,heldout763,1,-0.5835074989011932,39.69298245614035,20–40,9.837795179213863,0.29238555678704164,196.6929779811323,0.0,1.0,0.8100686467132153,0.0,0.0,
clipgt-b2d85ef6-0f4d-48a5-8874-6ac944f2fe8d,heldout763,1,-0.362914899265147,48.35526315789474,40–60,10.886457034642005,2.2958111346903234,217.69108266568503,1.0,0.0,0.8447619142631836,1.0,0.0,
clipgt-b3145bc3-ff0a-4b5c-b42c-b09767948827,heldout763,1,0.5834371683916941,71.38157894736842,60–80,15.326624007711823,11.124482099098243,306.58478867623637,0.4748773100912418,0.5251226899087582,0.4200981519270066,0.0,0.0,
clipgt-b31b90e4-461a-4637-8f93-a6804a33c738,heldout763,1,-1.5493413197266934,8.771929824561404,0–20,2.750008847363438,1.4776087508118008,54.54851306850031,0.0,1.0,0.9957585209975933,0.0,0.0,easy100
clipgt-b3e5b5fc-fbb2-4af0-b913-283e28c68b19,heldout763,1,-1.3018794828908633,17.32456140350877,0–20,4.804798658366157,0.22151534736453946,95.79232680379113,0.0,1.0,1.0,0.0,0.0,
clipgt-b3e8bb38-b1b9-419a-8325-2dd8ab554a7b,heldout763,1,-0.4810369934364299,43.421052631578945,40–60,10.362948988096587,1.0713570754122768,207.2404569533737,1.0,0.0,0.43944497724063863,0.0,1.0,
clipgt-b42bee1f-2c50-4dec-aa79-9066dd9df92d,heldout763,1,-1.2617998535770507,18.969298245614034,0–20,4.89912252040399,0.969252861725919,97.82235885446677,0.0,1.0,0.8747442675364334,0.0,0.0,
clipgt-b44a4a44-0d00-4795-8a66-7acb0fdf46a2,heldout763,1,-1.1000586552300848,25.219298245614034,20–40,4.966479702501553,5.236310504127895,99.71945099376585,0.0,1.0,0.9605354685813923,0.0,0.0,
clipgt-b45d5902-b41d-423f-8e0e-a09884863d15,heldout763,1,-0.17882414264501734,53.61842105263158,40–60,12.596566888370283,0.6373803291293973,252.19548543894507,0.6654551952253627,0.33454480477463727,0.26763584381970984,0.0,0.0,
clipgt-b469f38a-f4bc-4b18-a0ec-3ca987b18383,heldout763,1,-0.4771733970573181,43.75,40–60,10.327453942647438,1.321278669865518,206.78007614773384,0.6583021688727975,0.3416978311272026,0.27335826490176207,0.0,0.0,
clipgt-b54c8534-2563-404e-a7aa-f924f0e9726c,heldout763,1,0.7451187969401272,73.24561403508773,60–80,12.471968894585393,27.04452731601824,249.4368815677544,0.0,1.0,0.8180195250867814,0.0,0.0,
clipgt-b5f5259f-03a9-4853-a0cc-884d74722657,heldout763,1,-0.07491932882759339,57.23684210526316,40–60,11.306447192843558,8.696924338731128,226.23186568224094,0.0,1.0,1.0,0.0,0.0,
clipgt-b6dae19f-f5bf-4e19-8d81-3c9b2351ae13,heldout763,1,-0.31370927260411574,50.43859649122807,40–60,9.703087087434785,8.395643938740342,194.1237165098845,0.04610627212022389,0.9538937278797761,0.7631149823038209,0.0,0.0,
clipgt-b6f09ef3-b4aa-41e2-b257-a118f7afaac2,heldout763,1,-0.3045712571820565,50.76754385964912,40–60,9.735060997605292,8.524371508880161,195.38867617026287,0.0,1.0,0.9520875375276987,0.0,0.0,
clipgt-b7132760-6c54-401f-b993-b955f35477bd,heldout763,1,-0.4410249439754697,45.6140350877193,40–60,10.71361731485589,0.7947509437587855,214.2739970517893,0.0,1.0,0.9870713634077437,0.0,0.0,
clipgt-b72bf7fa-a3f7-4059-b5fd-17330dbb1ab3,heldout763,1,-0.22182597421271166,52.74122807017544,40–60,11.775975827853527,2.704464775546877,235.79362104614745,0.0,1.0,0.9997761146682478,0.0,0.0,
clipgt-b799daf9-2f85-4bb0-8a47-17f96cef1bd5,heldout763,1,3.223859433218273,98.6842105263158,90–100,36.18665589569585,1.9682269407587398,723.7332459028687,0.29074209442368604,0.709257905576314,0.5674063244610512,0.0,0.0,hard100
clipgt-b7b394cf-e912-4a7b-87d4-fca6c12a5748,heldout763,1,0.13992124277249596,61.73245614035088,60–80,14.768574441900089,0.912763631333838,295.373814202755,0.44405620169966487,0.5559437983003351,0.44475503864026816,0.0,0.0,
clipgt-b81a453b-3a2b-4a5f-92dd-ba6c738baa78,heldout763,1,-0.9245754955092589,29.82456140350877,20–40,7.0934709116453565,1.6737348812875392,141.79080772768378,0.0,1.0,1.0,0.0,0.0,
clipgt-b867a504-9dce-4666-9405-62aec7fcfb09,heldout763,1,-0.3620037535113144,48.46491228070175,40–60,11.44310029496345,0.10115040135040754,229.15726173321434,1.0,0.0,0.7725893613742982,1.0,0.0,
clipgt-b88aa3d5-aab8-43d6-82f4-f2334d57be18,heldout763,1,0.9161458223253034,75.65789473684211,60–80,18.49394895715949,7.821542385484894,370.40342365253946,0.0,1.0,0.9501251893204967,0.0,0.0,
clipgt-b8d73ce0-1728-4a80-9722-7b841f55157c,heldout763,1,-0.4204573393471112,46.60087719298246,40–60,10.962390339051746,0.3792800656592591,219.36757403096664,0.0,1.0,0.9042664526594543,0.0,0.0,
clipgt-b8e12e4b-80c8-481e-ad6e-bc22e4d3c2fb,heldout763,1,-0.9796774851326945,28.61842105263158,20–40,6.72031895602284,1.6168506388761434,134.51121570140486,1.0,0.0,0.4633761909515817,0.0,1.0,
clipgt-b96578e1-b1c7-460e-8405-77b3df51dbf6,heldout763,1,-0.4030282623414076,47.25877192982456,40–60,10.609876633972092,2.2740710536207076,212.18335125733665,0.428443918917482,0.571556081082518,0.45724486486601446,0.0,0.0,
clipgt-b988494a-2a9a-4791-8613-679c8e506007,heldout763,1,1.6360817831472543,84.86842105263158,80–90,21.631651531337862,15.495788726785007,432.8764933579388,0.21959149277791912,0.7804085072220809,0.6243268057776648,0.0,0.0,
clipgt-ba40be62-0903-41ec-8d2f-040c79c149bd,heldout763,1,-1.427480736844212,13.157894736842104,0–20,3.436656643193845,2.1562067098884383,68.07971755086449,0.0,1.0,0.9952199932686283,0.0,0.0,easy100
clipgt-ba99f59f-f448-4b00-989f-da12982d2571,heldout763,1,0.795672045704245,74.12280701754386,60–80,18.368001136748333,4.9454421623065175,367.8738559500896,0.0,1.0,0.8603100669711329,0.0,0.0,
clipgt-bae463d3-655b-4b54-ac8e-1c982219d829,heldout763,1,1.872188823989311,87.39035087719299,80–90,4.901059171308505,88.84813226846538,98.34503068808935,1.0,0.0,0.1721570360794375,1.0,0.0,hard100
clipgt-bb9b4a37-608e-4c65-b0ab-c61725f3c24c,heldout763,1,0.5739209101506804,70.94298245614036,60–80,11.577991932191882,25.80930826114819,231.54787619222128,0.0,1.0,1.0,0.0,0.0,
clipgt-bba237df-1306-4130-bdf5-83d216ca71b9,heldout763,1,-1.3128753580961008,16.666666666666668,0–20,4.6458907821706035,0.5469730560742095,93.36025131136144,0.0,1.0,0.9997933534482276,0.0,0.0,
clipgt-bbc53aa8-7009-4139-b7c9-38d71ecfac7f,heldout763,1,3.478891729830156,99.34210526315789,90–100,34.634000899689894,15.31298773515805,692.7146689150327,0.4444155537235652,0.5555844462764348,0.4444675570211479,0.0,0.0,hard100
clipgt-bcf67ede-1879-4125-ab20-cae5a483d8cb,heldout763,1,2.8469449351260727,97.03947368421052,90–100,12.099620428857005,87.47128348521147,242.8029380499711,0.4678508482535506,0.5321491517464494,0.4257193213971595,0.0,0.0,hard100
clipgt-bd07fb91-e573-44ce-afd9-a637339888e8,heldout763,1,0.6597276537449752,72.03947368421052,60–80,8.898818508299744,38.90166876788262,178.32975906244906,0.0,1.0,0.839829088578695,0.0,0.0,
clipgt-bd08d260-83a3-46aa-8799-d3aa50fb0e20,heldout763,1,1.755275816990773,85.85526315789474,80–90,3.8307017347275387,89.83873317993404,76.44599157038712,1.0,0.0,0.14242378078519966,1.0,0.0,
clipgt-bd49eae1-2f1a-4fbb-aaa5-cccd4b013106,heldout763,1,-0.4113749120108701,46.92982456140351,40–60,10.935986674071655,0.7392919712994841,218.69995114618644,0.052482246322387405,0.9475177536776126,0.7580142029420901,0.0,0.0,
clipgt-bd7a1e00-e7dd-4e1b-85e6-ba0717fb5016,heldout763,1,-0.06980742754738112,57.56578947368421,40–60,13.38929027098144,0.5327068747709974,267.63827149112706,0.0,1.0,0.8491818404813952,0.0,0.0,
clipgt-bd95eaad-1fd0-4a82-9331-05a06bcf9bc3,heldout763,1,1.7230526700254476,85.41666666666667,80–90,10.0099603098343,64.28867656776218,200.15819027487194,1.0,0.0,0.147816816861479,0.0,1.0,
clipgt-bd97de34-6f59-455a-93c5-9f469f243b4a,heldout763,1,2.600104545537423,95.28508771929825,90–100,10.021941413880427,88.83609941656466,200.63322335262652,0.0,1.0,0.9722839905351837,0.0,0.0,hard100
clipgt-be183bd3-96a4-44fd-988b-bd7d22e4fbdb,heldout763,1,2.4548983813145018,93.96929824561404,90–100,30.61618292533676,2.622448751046277,612.3966056788897,1.0,0.0,0.5955544318646463,1.0,0.0,hard100
clipgt-be4db4e9-eeff-4c22-b735-15ad9f7a0b49,heldout763,1,1.507913504415334,83.44298245614036,80–90,15.173297855534978,37.66117149402324,303.45761148112376,0.22213156165341097,0.777868438346589,0.6222947506772712,0.0,0.0,
clipgt-be674501-8f83-4837-a7a2-13f64cdbdaf6,heldout763,1,0.5788402002718047,71.05263157894737,60–80,16.286230419851776,7.168109273712044,325.6944153311022,1.0,0.0,0.3415056128683389,1.0,0.0,
clipgt-bec47df9-5e94-4a5c-885a-ed2fe22aa32d,heldout763,1,-1.9926426032921043,0.32894736842105265,0–20,0.0027403985642354056,0.003767890091697005,0.054877458436318305,0.0,1.0,0.4735331411829019,0.0,0.0,
clipgt-bf1847a9-3112-4ff8-a4dc-8613ad8b2a5b,heldout763,1,0.3345091923611525,65.78947368421052,60–80,6.417006583570281,39.68043788453628,128.41233778993313,0.32358078714631855,0.6764192128536815,0.5411353702829452,0.0,0.0,
clipgt-c0137a1e-e0e6-4d23-bebb-6c97bbb7bf62,heldout763,1,-0.7077131070419178,35.74561403508772,20–40,9.036404669957317,0.0056855746409981015,181.35067460229916,0.0,1.0,1.0,0.0,0.0,
clipgt-c028c8ce-ea7d-40d4-bce6-dce704f3b232,heldout763,1,-0.5004387902331946,42.43421052631579,40–60,10.451248058164696,0.17508425213153628,209.0677054057258,0.6667004051571032,0.33329959484289684,0.26663967587431747,0.0,0.0,
clipgt-c0c88642-b952-47a4-957c-c6ed4d66b2d9,heldout763,1,1.3215030166901425,80.48245614035088,80–90,23.27731471459132,0.1101933454356585,465.47337920238454,0.0,1.0,1.0,0.0,0.0,
clipgt-c0d6d4ec-0b9e-4b9b-9244-f5ecad1bf3e4,heldout763,1,-0.32901560885435555,49.56140350877193,40–60,10.389775267617397,5.2275019323595915,207.9337988263253,0.7266894111538822,0.2733105888461178,0.21864847107689425,0.0,0.0,
clipgt-c0de5bb2-4c11-4348-8369-7d231699e7b3,heldout763,1,-0.3958800400003538,47.58771929824562,40–60,6.296358020868361,19.67931104182852,125.52808409323819,1.0,0.0,0.34120198825341524,1.0,0.0,
clipgt-c0f085ca-7b29-41ea-9fff-7905ee13126a,heldout763,1,-0.46854991967855014,44.29824561403509,40–60,10.083700321645765,2.5353362914430257,202.22329598101263,0.0,1.0,0.9730372578649811,0.0,0.0,
clipgt-c14c031a-8c17-4d08-aa4d-23c020a6871e,heldout763,1,-0.4922058148977421,42.76315789473684,40–60,10.385502138827201,0.6681943687292736,207.8054291125249,0.6986747842451586,0.30132521575484145,0.24106017260387316,0.0,0.0,
clipgt-c2741fce-84c1-42f0-a18f-07f6d90c848c,heldout763,1,-0.5759486651254111,40.13157894736842,40–60,9.52232704074973,1.7626258809651623,191.19246453433507,0.0,1.0,0.999819683587292,0.0,0.0,
clipgt-c290d49a-5e33-400a-aa8b-c49b0451cf71,heldout763,1,-0.14787807492339478,54.60526315789474,40–60,12.927278504875439,0.18613519759538752,258.47807410592367,0.0,1.0,0.9444338858977298,0.0,0.0,
clipgt-c2df5259-0079-4ca8-904a-e3ae7667da27,heldout763,1,2.00233727402597,89.47368421052632,80–90,23.542879146862376,18.143640040642598,470.84628223971333,1.0,0.0,0.7391548491653661,1.0,0.0,hard100
clipgt-c3266ae7-dd5a-42da-ab76-1a441a65dc7f,heldout763,1,0.9915382970805399,76.53508771929825,60–80,13.537937803457051,29.703187539666732,270.76940554233266,0.40916564080752826,0.5908343591924717,0.4726674873539774,0.0,0.0,
clipgt-c390b208-2672-4db5-b8aa-b98019fe03ee,heldout763,1,3.058341562473509,98.1359649122807,90–100,33.79477516690919,6.8667907416316245,675.8152218787129,0.3642835600344646,0.6357164399655354,0.5085731519724284,0.0,0.0,hard100
clipgt-c3c4f763-44da-450d-a6e2-48a982e62de4,heldout763,1,-1.8027111512775598,3.1798245614035086,0–20,1.1794712667456084,0.6365487943347726,23.166957175449657,0.0,1.0,0.8807694557959229,0.0,0.0,easy100
clipgt-c42044c0-40c8-42f6-8f5b-5b9dc2480b02,heldout763,1,2.174423861031288,91.66666666666667,90–100,10.293430200689361,75.81586160242061,205.8580267188173,0.5949321491371372,0.4050678508628628,0.32405428069029024,0.0,0.0,hard100
clipgt-c4249f4e-6f54-4b82-83d0-5868839468ac,heldout763,1,-1.1604042860710173,23.026315789473685,20–40,5.757959761565093,0.3871592550574249,115.31136847544677,0.0,1.0,0.9378103738015443,0.0,0.0,
clipgt-c427e855-c796-4e4d-94cf-cda02de7d390,heldout763,1,-0.5869366099874155,39.473684210526315,20–40,9.721261677808974,0.6610251475199604,194.79250525299403,1.0,0.0,0.3803501881372345,1.0,0.0,
clipgt-c4321eba-5e96-45b7-869d-c289c444e615,heldout763,1,-0.03232716386239931,58.333333333333336,40–60,4.707584398709348,36.21138172880891,93.67739193387797,0.0,1.0,1.0,0.0,0.0,
clipgt-c438a779-964c-4bb7-bfde-61d9abe5b39d,heldout763,1,-0.3988146285717604,47.478070175438596,40–60,10.775750384481029,1.7306347081677913,215.23912817152137,0.0,1.0,0.9317219817432407,0.0,0.0,
clipgt-c4a47034-032e-403e-8efd-a83c7dddde75,heldout763,1,-0.9510213919876722,29.276315789473685,20–40,7.286835375709793,0.16086306369701764,145.60321285509463,0.0,1.0,0.9547587262739796,0.0,0.0,
clipgt-c52a7833-0de2-4d9b-b32a-5c94927cc687,heldout763,1,-0.774982812767141,33.771929824561404,20–40,7.895298584220788,2.6706222300422797,157.79464640666856,0.5144263413742873,0.48557365862571267,0.38845892690057016,0.0,0.0,
clipgt-c547b601-7515-4195-b47c-5dfbe4652c88,heldout763,1,1.0237511663918681,77.19298245614036,60–80,11.191895926708911,39.96389295256723,223.98352240152258,0.0,1.0,0.9473006431990985,0.0,0.0,
clipgt-c5b21e90-35ec-4578-84d0-e7cecc5ab80c,heldout763,1,2.301266575861117,92.54385964912281,90–100,29.857264764640963,1.341144376543775,597.0756588636875,0.0,1.0,0.8881008175686304,0.0,0.0,hard100
clipgt-c5bc66c4-8249-4614-a93c-c03936cb9b54,heldout763,1,-0.26250384510054775,51.973684210526315,40–60,11.656728341257423,2.0393604275863697,233.18051044364393,0.0789533562366398,0.9210466437633602,0.7368373150106882,0.0,0.0,
clipgt-c618d5d0-bd20-4f92-8088-5f7cd95e4542,heldout763,1,1.78620394375154,86.40350877192982,80–90,3.390991548928874,92.45986819803744,67.60510516917371,0.26218480547587675,0.7378151945241233,0.5902521556192987,0.0,0.0,
clipgt-c669f58d-3a27-4915-8162-af332483b4cf,heldout763,1,0.5097263912095934,70.0657894736842,60–80,14.93903571608164,10.603331054566342,299.55833124228536,0.04917523663594758,0.9508247633640524,0.760659810691242,0.0,0.0,
clipgt-c6718ecc-924f-4219-82cf-ce4ff4445201,heldout763,1,-1.358313254842979,15.241228070175438,0–20,4.247847121647386,0.8603818331322076,84.84087189663867,0.02217204530783856,0.9778279546921614,0.7822623637537292,0.0,0.0,
clipgt-c681d7d8-95a8-4f25-a923-c36b51b1c45f,heldout763,1,-0.8220957060323857,32.12719298245614,20–40,7.403125326791484,3.3125017229022484,147.1782231144862,0.0034856597318216886,0.9965143402681783,0.7972114722145427,0.0,0.0,
clipgt-c6a47fa1-6d26-449e-a544-3c5be1051dfd,heldout763,1,-1.2186879864693045,20.285087719298247,20–40,5.023165266313173,1.6834876497063413,100.62596615405182,0.0,1.0,1.0,0.0,0.0,
clipgt-c78c2cba-680b-402d-b338-2aaccb8544f9,heldout763,1,1.7300628431307508,85.6359649122807,80–90,23.93730317214737,8.935045478521534,478.7183251532772,0.0,1.0,0.9570013101806039,0.0,0.0,
clipgt-c7acecba-c1a3-4182-9fc2-3919c6976642,heldout763,1,-1.53984437017905,9.100877192982455,0–20,3.0537280905377844,0.5325259473229441,60.71440437094751,0.0,1.0,0.9998070263753314,0.0,0.0,easy100
clipgt-c7c58600-14c3-4be0-90b9-7a8341511be1,heldout763,1,1.4712776354782982,82.67543859649123,80–90,3.0378882601506882,85.03675181042041,61.02400984739815,1.0,0.0,0.14093458137679998,1.0,0.0,
clipgt-c86fd99b-023f-477f-b4a0-fcbac05102aa,heldout763,1,-0.48168565681330133,43.31140350877193,40–60,10.429790943825445,0.7865625841189401,208.5989755274875,0.11052692532208364,0.8894730746779164,0.7115784597423331,0.0,0.0,
clipgt-c8874e25-8086-4250-b88a-97cce293c28e,heldout763,1,-0.5665945243194397,40.35087719298246,40–60,7.3652850912512715,10.628462882011918,147.04773703336264,0.6568226396755377,0.3431773603244623,0.2745418882595698,0.0,0.0,
clipgt-c88a5855-29c6-4a74-93a4-2ecb26249c3f,heldout763,1,-0.07351941169586215,57.45614035087719,40–60,11.637216131292826,7.41688637075583,232.728784980959,0.33140239142662453,0.6685976085733755,0.5348780868587004,0.0,0.0,
clipgt-c88c52d3-afce-4897-bf28-998ddc928d8f,heldout763,1,-0.010006650902764425,58.771929824561404,40–60,13.798060556289915,0.5792931477803295,275.9534703290489,0.0,1.0,0.9670853566931263,0.0,0.0,
clipgt-c896c0cc-64c2-4e1e-9629-3de98d2343bf,heldout763,1,-1.4503248087282563,12.06140350877193,0–20,1.9232112691111998,7.552075947255654,38.59020165439679,0.0,1.0,0.8050205690226033,0.0,0.0,easy100
clipgt-c8cab401-90c0-4e8c-809d-28d7411119de,heldout763,1,-1.6685206423694972,5.81140350877193,0–20,2.241017730453198,0.16560495237557446,44.76635681894587,0.0,1.0,1.0,0.0,0.0,easy100
clipgt-c8f861f7-89fe-4359-8680-b887be6a8ea0,heldout763,1,-0.1710578906167326,53.728070175438596,40–60,1.0183818078848401,47.03560116592577,20.412488183247376,0.0,1.0,0.9970419017683376,0.0,0.0,
clipgt-c9753c5c-f140-4b86-a633-b34ef5f3e1d8,heldout763,1,0.8562294962924302,74.89035087719299,60–80,13.132038270673606,27.52767570048911,262.75653927509586,0.5281028349802882,0.4718971650197118,0.37751773201576944,0.0,0.0,
clipgt-c9825ad1-398d-47ae-a536-13b4a2cf6625,heldout763,1,-0.8859519058224823,30.482456140350877,20–40,6.7697743887999025,4.047945243677314,135.0139184728812,0.14794372958712787,0.8520562704128721,0.6816450163302977,0.0,0.0,
clipgt-c9b68d76-c8a2-4dd1-aba9-88220a3c0af8,heldout763,1,-1.0297822678830881,27.412280701754387,20–40,6.178935186025795,2.3711081233786624,124.1240582758628,0.0,1.0,0.9980825344978046,0.0,0.0,
clipgt-c9fccb24-b432-4b72-98a2-4ccd282a6fa6,heldout763,1,-1.1165211321837019,24.780701754385966,20–40,4.575525488324932,6.334001680892985,91.64769576186994,0.0,1.0,0.9999553177001832,0.0,0.0,
clipgt-cac1d7a0-c214-4642-9bae-57a01c88c428,heldout763,1,0.15880820975319287,62.5,60–80,5.084901652939397,40.066443481383004,101.79463554020947,0.49121493362000956,0.5087850663799904,0.40702805310399237,0.0,0.0,
clipgt-caf18c8e-1a8c-4543-b4e9-55e363d0e4ff,heldout763,1,-1.9271741914572946,0.8771929824561403,0–20,0.46081102889062586,0.012653941106473107,9.262372715281082,0.6875398027226572,0.31246019727734275,0.24996815782187423,0.0,0.0,easy100
clipgt-cb09cf43-efa4-4a46-bd25-6173a6bfa05b,heldout763,1,-1.438421183307073,12.719298245614034,0–20,3.7703297661836794,0.518523747199864,75.77842567530422,0.0,1.0,0.9360237232985814,0.0,0.0,easy100
clipgt-cb42eaf6-cced-481d-bf00-20fbfd8729b8,heldout763,1,-1.4557661622925924,11.732456140350877,0–20,3.157128729543293,2.4779144547132717,63.169128875165384,0.0,1.0,1.0,0.0,0.0,easy100
clipgt-cbb22323-0b4b-4364-8fc5-4a47357d4df8,heldout763,1,-1.8983507026154365,1.0964912280701755,0–20,0.596373313081353,0.2802524962482485,11.985616345889232,0.0,1.0,0.9999622408172422,0.0,0.0,easy100
clipgt-cbd87234-9d85-48cc-a65c-726c75c7d11b,heldout763,1,-0.19186922103117326,53.39912280701754,40–60,6.473385217230104,24.69431099439288,129.08354354932706,0.0,1.0,0.8942474803806869,0.0,0.0,
clipgt-cbe2d634-0e1d-47a8-9490-4e4c3391e45c,heldout763,1,-0.9869761689221883,28.399122807017545,20–40,6.565381592886344,2.0301521950154804,131.12181570312998,0.0,1.0,0.9984468548122113,0.0,0.0,
clipgt-cc289222-8a2c-486d-9b4f-0db31d1165b7,heldout763,1,2.373857186197607,93.20175438596492,90–100,8.441592724425986,88.79476864734764,168.62246141844116,0.5019847400938141,0.4980152599061859,0.39841220792494875,0.0,0.0,hard100
clipgt-cc8cbc45-9ed7-475b-bc5b-a0a2ec66a7b1,heldout763,1,-1.547260108275467,8.881578947368421,0–20,3.0452665795746836,0.35831537725950047,60.92622642875895,1.0,0.0,0.09995485937372947,1.0,0.0,easy100
clipgt-cc93522d-5a13-4807-8c3e-8975ef64e4fd,heldout763,1,-0.2297670214989686,52.521929824561404,40–60,12.304131383691916,0.3751868192791391,246.04579186050955,0.013027018998631124,0.9869729810013689,0.7895783848010951,0.0,0.0,
clipgt-cd0da2b3-a896-4117-af9c-c0d229e6f5f9,heldout763,1,-0.6116494714902798,38.48684210526316,20–40,8.942865465302654,3.0726908982211585,177.97841300910898,0.0,1.0,1.0,0.0,0.0,
clipgt-cdb709d1-2a69-4325-be3a-2a47f3e35481,heldout763,1,-0.8323226877215577,31.907894736842106,20–40,7.918253161831567,0.9710812017523465,158.49175123583058,0.756577719851703,0.2434222801482971,0.1947378241186377,0.0,0.0,
clipgt-cdd9448c-8808-46b1-85c1-883bcc5862ff,heldout763,1,1.926799369244792,87.93859649122807,80–90,4.855255927916797,90.56226812681665,97.4269331974023,0.5454134628982769,0.45458653710172314,0.36366922968137855,0.0,0.0,hard100
clipgt-ce0cb386-0f67-45b8-a6b5-4798d3bcef20,heldout763,1,1.6136812627686163,84.53947368421052,80–90,24.10326139289615,5.009414494026003,481.9576214116075,1.0,0.0,0.5178380032891844,1.0,0.0,
clipgt-ce161092-a921-432d-b2d0-2d50fd7779a6,heldout763,1,1.9349365089143231,88.37719298245614,80–90,5.277946747008912,89.10452534129931,105.91670047721277,1.0,0.0,0.17285899006745015,0.0,1.0,hard100
clipgt-ce63741d-b346-433d-8874-c916660180f8,heldout763,1,-1.4880141889146485,11.074561403508772,0–20,2.718779329035484,3.3219697994814688,54.38421916222542,0.0,1.0,0.9974594847823467,0.0,0.0,easy100
clipgt-ceb3d0d5-0cb7-4415-890d-6feae8ea29e2,heldout763,1,2.500456033378579,94.29824561403508,90–100,9.21538170835332,89.25867304047036,184.0174387975195,1.0,0.0,0.05888666269506454,1.0,0.0,hard100
clipgt-cf3cd4a7-d49d-4858-aea6-bdc63e766c08,heldout763,1,0.03874983142237226,59.86842105263158,40–60,13.287802581934747,3.9817746221186736,265.60018967578725,0.5128412346757338,0.4871587653242662,0.389727012259413,0.0,0.0,
clipgt-cfe974a4-d507-41ad-aa3e-8cb79360566e,heldout763,1,-0.1526726261381086,54.3859649122807,40–60,12.92159561588145,0.07434796919719627,258.314915500796,0.22122526305033818,0.7787747369496618,0.6230197895597295,0.0,0.0,
clipgt-d07c2655-fcb3-4469-bdfc-518bccc5f3cf,heldout763,1,2.5733332495178605,94.95614035087719,90–100,31.748496068456152,1.4274106390183399,634.8892504799367,0.0,1.0,1.0,0.0,0.0,hard100
clipgt-d08a71c4-70e9-46aa-8d16-07e42a5560f5,heldout763,1,-0.4339802974386072,45.833333333333336,40–60,10.692953208032849,1.0747246145647067,213.8662507369393,0.37341051167755923,0.6265894883224408,0.5012715906579527,0.0,0.0,
clipgt-d101f9f0-1539-421f-8b27-971fa745b5ad,heldout763,1,2.0047563574668823,89.58333333333333,80–90,9.847208962071733,72.83765296372012,196.60837309048054,1.0,0.0,0.8018355798389505,1.0,0.0,hard100
clipgt-d1230ce4-9ef9-4060-9848-9ad239beef19,heldout763,1,-1.2146438793646208,20.50438596491228,20–40,5.111965669436252,1.4427098987187104,102.70767902035301,1.0,0.0,0.42615873251558584,1.0,0.0,
clipgt-d141e3fb-dd01-454e-bc3c-af025415b7cb,heldout763,1,2.4664256810010814,94.18859649122807,90–100,8.698857981456857,90.36455050743474,173.5339586646996,0.3390574453675126,0.6609425546324874,0.52875404370599,0.0,0.0,hard100
clipgt-d1a25a99-0f02-4730-a076-96f067e92874,heldout763,1,2.3945861759072806,93.31140350877193,90–100,6.764266014183167,96.06621206944835,135.68109355345933,0.6768057322221345,0.32319426777786553,0.25855541422229245,0.0,0.0,hard100
clipgt-d1fca92f-9c5d-437a-aab2-e0bf237ef573,heldout763,1,1.9861764850602015,89.14473684210526,80–90,10.148582174826522,71.11456772676375,203.03945261356887,1.0,0.0,0.404275215964777,1.0,0.0,hard100
clipgt-d22db2b9-1909-49f9-a311-d8ef45baec00,heldout763,1,1.6267163592644622,84.75877192982456,80–90,25.312319317182055,0.5525430942373087,506.1884345972206,0.0,1.0,1.0,0.0,0.0,
clipgt-d2715023-a903-4e67-9b80-e6c76dbbbd99,heldout763,1,-1.6074598333662065,7.675438596491228,0–20,2.197701371117932,2.0507067675313406,44.173276086529555,0.9878641479569226,0.012135852043077466,0.009708681634461973,0.0,0.0,easy100
clipgt-d2a47b3b-e6be-4f56-b6a7-bcae287a2758,heldout763,1,-0.49510583844905687,42.54385964912281,40–60,9.897378587168328,2.533785070282812,198.5066110167868,0.8638467084710432,0.13615329152895683,0.10892263322316548,0.0,0.0,
clipgt-d2fcf4b2-2a4b-47e3-a2ec-a9e3372c3a8a,heldout763,1,-0.7018944894180721,35.85526315789474,20–40,7.386487429880063,6.749672013105265,147.2779446836908,0.02229494039323998,0.97770505960676,0.782164047685408,0.0,0.0,
clipgt-d342bc89-9d98-438a-847f-cb7231e7ea8d,heldout763,1,1.5416974120884943,83.88157894736842,80–90,17.465089020247817,29.46759995668126,349.5207119077985,0.15882325866276215,0.8411767413372379,0.6729413930697903,0.0,0.0,
clipgt-d34673c7-2573-42a4-b771-1a5bf38f7d60,heldout763,1,2.0787125420061705,90.35087719298245,90–100,28.029912845992772,2.388576026698534,560.7521314763554,0.0,1.0,0.9178849860153335,0.0,0.0,hard100
clipgt-d3ca77e2-8c8d-44ae-ad49-45471301e578,heldout763,1,-0.49111902864815205,42.87280701754386,40–60,10.543738424607799,0.06753426156904664,210.9041211945987,0.5273359296739997,0.47266407032600033,0.3781312562608003,0.0,0.0,
clipgt-d3d3ab1b-d288-4fcc-b913-1015d2da1e1f,heldout763,1,-0.38153598246517384,47.916666666666664,40–60,6.965995828027073,17.41066318656072,139.46443055506546,0.2916544575809782,0.7083455424190218,0.5666764339352175,0.0,0.0,
clipgt-d40b54d8-c768-4876-ae6e-f3b37d0c7c4e,heldout763,1,0.6723564326084146,72.14912280701755,60–80,15.763103829605964,11.877118102470178,315.36401013072225,1.0,0.0,0.6900607769760712,0.0,1.0,
clipgt-d4b54366-1289-4d6a-a788-f930e0f6a9a1,heldout763,1,0.5569764967844159,70.6140350877193,60–80,11.955583639613549,23.828083287995913,238.6228911611741,0.0,1.0,0.9703943943833766,0.0,0.0,
clipgt-d4c97cc1-1297-41fd-9ad8-87d269b65e4d,heldout763,1,-0.27399268508965463,51.53508771929825,40–60,5.518246567972475,26.20095833311948,110.2289245654584,0.047894148456719576,0.9521058515432804,0.7616846812346244,0.0,0.0,
clipgt-d555676b-3c57-411b-a929-bd44f3b0ae52,heldout763,1,1.8422004628949504,86.95175438596492,80–90,26.906131664690207,0.23833855895839326,538.111782086132,1.0,0.0,0.09385893884334026,1.0,0.0,
clipgt-d55c0611-363e-4317-8978-cfacddbbe797,heldout763,1,-0.13252486845937456,55.15350877192982,40–60,12.88025722918323,0.8042337178170809,258.0829041888336,0.654708508817923,0.3452914911820771,0.2762331929456617,0.0,0.0,
clipgt-d56d7c14-e61d-428d-a866-f1b348ded427,heldout763,1,1.2710454541176177,79.82456140350877,60–80,22.65633899133358,1.172016089106771,453.0909622219963,0.0,1.0,0.9950273569229603,0.0,0.0,
clipgt-d5f0f729-9fd0-48b4-9c3d-6aa7ba4d0b61,heldout763,1,-0.2677696981253974,51.8640350877193,40–60,12.028004571006958,0.4108276570760972,240.63205577649634,0.0,1.0,0.8675821695385038,0.0,0.0,
clipgt-d68c7161-bef6-4342-800f-607127417825,heldout763,1,2.131630831664622,90.78947368421052,90–100,7.270979588776423,86.67107811189095,145.73432028190237,1.0,0.0,0.45775900771426664,1.0,0.0,hard100
clipgt-d6b59ce8-f037-42cc-aaf0-53798c3955f8,heldout763,1,0.2519672730985205,64.47368421052632,60–80,15.5010224259714,1.1334542193294046,309.9544781917585,1.0,0.0,0.5961773058354908,1.0,0.0,
clipgt-d6d366f6-7b74-4868-b209-61c879064d60,heldout763,1,0.2729977105304861,64.91228070175438,60–80,11.562797767817276,17.43110669653493,231.2841096191076,0.0,1.0,0.898575515002629,0.0,0.0,
clipgt-d7577d71-f18d-4baf-a0bf-f692930f197a,heldout763,1,-1.131702649237646,24.12280701754386,20–40,5.149203928463584,3.6201075349988066,103.17220214006352,0.44274337280257425,0.5572566271974257,0.4458053017579406,0.0,0.0,
clipgt-d7a656c2-3f78-41d9-bdb8-d5ef2e9504d9,heldout763,1,-0.7642518098590879,34.32017543859649,20–40,8.468378293448415,0.6857822810404043,169.2762495153354,0.0,1.0,0.9339181039854436,0.0,0.0,
clipgt-d823324d-bb4c-47a7-9312-a770a55a08f3,heldout763,1,0.9640908330128999,76.20614035087719,60–80,18.627391394471022,8.633821913383311,372.7879958863588,0.0,1.0,0.8848603893814593,0.0,0.0,
clipgt-d90fe123-3462-450e-b65f-f37e4eb422d9,heldout763,1,2.440135282821826,93.75,90–100,8.556125093312296,90.19658801682625,171.08553132945877,0.276194130129336,0.723805869870664,0.5790446958965312,0.0,0.0,hard100
clipgt-d9818cf9-1dd2-4450-bb5d-e9f685ce9f52,heldout763,1,-0.828174882501661,32.01754385964912,20–40,8.179975537199473,0.04349962683204959,164.40276349602078,0.2776699791977921,0.7223300208022079,0.5778640166417663,0.0,0.0,
clipgt-d9b5545a-ec4d-4bfd-8f76-612d0d74b4f1,heldout763,1,0.18504675578654384,63.26754385964912,60–80,14.90484681595177,1.6346884345135515,298.18276958574415,0.0,1.0,0.8754370792598324,0.0,0.0,
clipgt-d9b72fb3-f1a5-49a9-a04b-645fb7bf0df5,heldout763,1,-1.6857920594970657,5.592105263157895,0–20,2.134765918625571,0.10505478573905326,42.7168529984995,0.0,1.0,1.0,0.0,0.0,easy100
clipgt-d9c2a88b-dd8c-479a-bb23-1e6479315f29,heldout763,1,-0.11369434625820363,55.81140350877193,40–60,11.58059760219588,6.516085749707154,232.08876936992073,0.4634445476052862,0.5365554523947138,0.42924436191577103,0.0,0.0,
clipgt-d9d390a3-8527-4918-8097-42ca325d835a,heldout763,1,-1.1938066893632138,21.82017543859649,20–40,5.59424843604118,0.10342846326839822,111.9514461546485,0.0,1.0,0.8845870090016664,0.0,0.0,
clipgt-db009e5d-3919-4e0f-a677-c12fea6e92cd,heldout763,1,-1.9921561777878405,0.5482456140350878,0–20,0.003471501922822268,0.014492686444562173,0.06932760929688442,0.0,1.0,0.05390335160486816,0.0,0.0,
clipgt-db1b86e7-62c4-491c-bde3-2e79d9d48c09,heldout763,1,-0.4752296737190337,43.85964912280702,40–60,10.607717040026744,0.25793689937501935,212.15186153572458,0.7335640173833538,0.2664359826166463,0.21314878609331706,0.0,0.0,
clipgt-db450d95-7096-429a-8a01-dacf94cd4036,heldout763,1,3.042982668910568,97.91666666666667,90–100,35.357969934512276,0.2011647348057902,707.1263636069896,0.0,1.0,1.0,0.0,0.0,hard100
clipgt-db53f106-deda-49d6-828e-8fe911e82d0e,heldout763,1,-1.2635404309934724,18.859649122807017,0–20,4.530048379109199,2.3925207574151854,90.72974275217467,0.04889304924892757,0.9511069507510724,0.760885560600858,0.0,0.0,
clipgt-db97fe96-1847-4cb7-aa42-37e8a61b0270,heldout763,1,1.1540115871709886,78.39912280701755,60–80,10.606411705821365,45.95203886180725,212.73445946292873,1.0,0.0,0.5712149227479126,0.0,1.0,
clipgt-db9f3915-521d-41d2-9f98-a10eaa5dc719,heldout763,1,-0.5402003358699415,41.11842105263158,40–60,10.172158637590053,0.1732176133841914,203.24038639024891,0.0,1.0,1.0,0.0,0.0,
clipgt-dc24d086-af16-4524-9f81-2808b37f2153,heldout763,1,-0.5965264533699454,38.925438596491226,20–40,9.381750841504694,1.7462602911097314,188.21826847727925,0.0216145439531944,0.9783854560468056,0.7827083648374445,0.0,0.0,
clipgt-dc81056e-ca7d-4cd2-9183-258877356ce4,heldout763,1,-1.376759872166055,14.802631578947368,0–20,3.253090580179176,4.310741061658778,64.63598690713576,0.0,1.0,0.999445641376633,0.0,0.0,
clipgt-dd0f84df-9be3-4e13-91ad-28b83a8669a3,heldout763,1,-1.7200983310327116,4.605263157894737,0–20,1.3880093878174504,2.1214948843882637,27.657878470622038,0.0,1.0,0.9985895769677124,0.0,0.0,easy100
clipgt-dd427ac5-6e36-4845-b6b4-db11aa3029b7,heldout763,1,-0.603138139496952,38.81578947368421,20–40,8.944626779812737,3.3043494834515883,178.9418744791938,0.5565099179395374,0.4434900820604626,0.35479206564837007,0.0,0.0,
clipgt-dd7e63c0-446a-4d6b-b119-0468c1ad73e8,heldout763,1,-0.24325905147683063,52.19298245614035,40–60,12.25701537067025,0.18475477360835693,245.15080406716896,0.7041281675685243,0.2958718324314758,0.23669746594518065,0.0,0.0,
clipgt-de8fb30e-9927-4e1a-bf5a-b13986b380e9,heldout763,1,0.853062050985325,74.78070175438596,60–80,3.8914193531623305,64.2957300258434,77.36838987626385,0.0,1.0,0.8035677604919417,0.0,0.0,
clipgt-df113232-421d-4a88-8b1e-310291b08674,heldout763,1,-0.29732570673950637,50.87719298245614,40–60,8.048764729718014,15.453473889442636,200.8160017027298,0.6178287492703243,0.3821712507296758,0.30573700058374065,0.0,0.0,
clipgt-df829727-390c-4b7b-b218-597e4e7a530b,heldout763,1,2.6863373558133636,95.83333333333333,90–100,32.570855874215795,1.3163487743419175,651.4160340695214,0.38152297449100303,0.618477025508997,0.4947816204071976,0.0,0.0,hard100
clipgt-dfe7bef5-bd1e-48ef-ac71-10a266a782dd,heldout763,1,-1.5581718602354835,8.552631578947368,0–20,2.8976050075286226,0.6412754581554783,57.40241197660627,0.0,1.0,0.9390206256879376,0.0,0.0,easy100
clipgt-e00752a1-4c6c-4a87-aa5c-f5a935df5c00,heldout763,1,-1.2914272177778567,17.87280701754386,0–20,4.331356347853114,2.402987763282748,86.52769123459362,0.17064505908022343,0.8293549409197766,0.6634839527358213,0.0,0.0,
clipgt-e0c7a82f-3728-4115-b4ae-c8e719e358dc,heldout763,1,1.2356529113278136,79.49561403508773,60–80,17.730717115385247,19.82570152204728,354.6016466050619,0.5393330080479208,0.4606669919520792,0.3685335935616634,0.0,0.0,
clipgt-e0f6ebe1-ce10-4a1b-ae88-102479303fd4,heldout763,1,1.7803008788061416,86.1842105263158,80–90,5.0382629694447125,85.72406664237086,100.70114841774212,0.446849606566747,0.553150393433253,0.4425203147466024,0.0,0.0,
clipgt-e121e37d-b03f-4f25-aa09-5ba5b74b8afb,heldout763,1,2.1292168692225117,90.6798245614035,90–100,13.752623088978215,60.75087775922131,275.08015776412594,0.0,1.0,0.8638133106302243,0.0,0.0,hard100
clipgt-e1a2da5e-ef4f-4153-bbf2-3c892708977b,heldout763,1,3.0356982845889737,97.69736842105263,90–100,8.63047705126155,106.60143338558035,172.42223537212382,0.591070234261367,0.40892976573863304,0.32714381259090647,0.0,0.0,hard100
clipgt-e2224ff8-35c1-45eb-ba1c-6d29dbdbeb8e,heldout763,1,0.08045545273157917,60.74561403508772,60–80,14.564726004328161,0.05822574357005956,291.68338915348653,0.4968895433434467,0.5031104566565533,0.4024883653252427,0.0,0.0,
clipgt-e36cf4c2-03a0-4af2-9146-48a5372efb3d,heldout763,1,1.36875201887104,81.03070175438596,80–90,19.311394492453122,17.253560134220166,386.1996735838318,0.2352921437885136,0.7647078562114864,0.6117662849691892,0.0,0.0,
clipgt-e37aa159-7300-4529-a519-0308ddd61134,heldout763,1,2.420867874690772,93.53070175438596,90–100,5.183404386674413,103.10861241144592,103.38092226281216,0.553640801458636,0.44635919854136397,0.3570873588330912,0.0,0.0,hard100
clipgt-e39fb49b-8938-4a63-811e-1edff7d1065d,heldout763,1,0.34395105005501625,66.2280701754386,60–80,16.42543511814314,0.025872846352882256,328.5499251519228,0.0,1.0,0.878344771240933,0.0,0.0,
clipgt-e3e470e4-1d47-4ae7-a543-ca18292cc1f8,heldout763,1,0.2246059964885775,64.25438596491227,60–80,13.558722273879425,8.113165659414992,270.99009884406235,0.22024231026960828,0.7797576897303917,0.6238061517843134,0.0,0.0,
clipgt-e3ed554f-cdea-40e7-955a-7153341e755a,heldout763,1,-1.8478820850260556,2.192982456140351,0–20,0.677410192101559,1.3723250332224997,13.582831438954866,0.0,1.0,0.8021783527546166,0.0,0.0,easy100
clipgt-e412a5a5-cb80-4905-bf6c-f265faa41b0e,heldout763,1,-0.884545034415047,30.592105263157894,20–40,6.920311203853666,3.486971198631773,138.10725569816523,0.29959273450877577,0.7004072654912242,0.5603258123929794,0.0,0.0,
clipgt-e4697882-aa65-4743-a00d-477e03ac066d,heldout763,1,-0.09712435320208257,56.35964912280702,40–60,13.154196200527666,0.7043467003606035,263.0137748791948,0.5805320574065214,0.4194679425934786,0.33557435407478287,0.0,0.0,
clipgt-e4d69be6-b60a-4d25-ab99-e6f7224f7f5c,heldout763,1,0.7835613154127077,73.79385964912281,60–80,18.549218650773888,3.8830211309287024,370.9828304480777,0.0,1.0,0.9331832312252739,0.0,0.0,
clipgt-e64757e8-adb9-4035-9bc8-6f531bdc8702,heldout763,1,-1.3548526561265832,15.789473684210526,0–20,4.291304060494201,0.7840964246296291,85.89140334281343,0.0,1.0,0.993384027531929,0.0,0.0,
clipgt-e66ebf31-3468-474a-893f-e01a5b24f8e0,heldout763,1,-1.3895890766109371,14.25438596491228,0–20,4.17869737364623,0.2591211607895198,83.96911460410053,0.0,1.0,0.9996882313629049,0.0,0.0,easy100
clipgt-e6c37af0-ce93-41f2-aff5-86d46189d4d1,heldout763,1,-1.1847859756532373,22.039473684210527,20–40,5.2731570874665135,1.6370929424011385,104.9580526293799,1.0,0.0,0.09630425788613883,1.0,0.0,
clipgt-e742759b-9403-4d6c-9c52-704b81bc5ba9,heldout763,1,2.7366708818988483,96.49122807017544,90–100,7.986557701574685,100.78411177964941,159.8791597522524,0.7952640815441567,0.20473591845584327,0.16378873476467462,0.0,0.0,hard100
clipgt-e7581b00-9520-4a57-9d69-e85503fda417,heldout763,1,-1.7119003414597245,4.824561403508772,0–20,1.9681066250343158,0.037631593946844344,39.48755538555393,1.0,0.0,0.4584630943166094,0.0,1.0,easy100
clipgt-e7667d0b-fa8f-4a0c-9ebe-330fbbf27067,heldout763,1,-0.23816159044933027,52.30263157894737,40–60,12.294449538380492,0.17839423790465253,245.91895313410757,0.5355722941596471,0.46442770584035287,0.3715421646722823,0.0,0.0,
clipgt-e7ddb7f0-1f6f-4076-9e02-7765abda065a,heldout763,1,-1.0660741108259661,26.644736842105264,20–40,3.4812663759454376,12.113221947970295,69.7010406487846,0.0,1.0,0.9998508300921324,0.0,0.0,
clipgt-e8531437-c044-448a-ae4b-5c578dbbdb36,heldout763,1,-0.10762451800642969,56.25,40–60,12.723256513875056,2.1287242587341924,254.75763607444492,0.00968416533124039,0.9903158346687596,0.7922526677350077,0.0,0.0,
clipgt-e86e5751-209e-443f-ac1b-8bdc3827e730,heldout763,1,2.5866181913053996,95.17543859649123,90–100,32.17611453681959,0.09437364338907425,643.5231579075264,0.0,1.0,0.9879963490730975,0.0,0.0,hard100
clipgt-e87c973b-6ac7-45a1-a58f-fd5d8ac749e5,heldout763,1,-0.09317987878380846,56.469298245614034,40–60,13.320815955358722,0.1503868131505166,266.94169141037287,0.0,1.0,0.906025059297539,0.0,0.0,
clipgt-e883822a-bb66-410e-8246-49c47e5a73aa,heldout763,1,0.35337996576618724,66.66666666666667,60–80,15.611297903182518,3.5375337739714836,313.08667752382013,0.10031878273590089,0.8996812172640991,0.7197449738112793,0.0,0.0,
clipgt-e8a54ce0-0245-4f7e-8f66-f3a2aeb53629,heldout763,1,-1.8629280176725658,2.0833333333333335,0–20,0.8702276125959362,0.18132490415011085,17.413722323074676,1.0,0.0,0.8707568744702532,0.0,1.0,easy100
clipgt-e8cf41e8-0c0e-4cf7-aa94-ec07efd59efb,heldout763,1,-0.7428177746084081,35.08771929824562,20–40,7.084754170889589,6.805543245782455,141.79689123948646,0.2408607429109606,0.7591392570890394,0.6073114056712315,0.0,0.0,
clipgt-e8efc7cd-c0ba-4008-ba80-482643bbbf46,heldout763,1,-0.7824652078833476,33.66228070175438,20–40,7.960329282457563,2.2014133839719734,159.352467594419,1.0,0.0,0.19979377977117194,1.0,0.0,
clipgt-e904e9c0-9c48-4635-9611-2250d5527d43,heldout763,1,1.3889743740158618,81.25,80–90,10.181623624358501,54.2354103337782,204.34622073227956,1.0,0.0,0.2472132704691638,1.0,0.0,
clipgt-e9a25fde-6218-4d1f-84e2-fb26c548947c,heldout763,1,-1.4945550092523352,10.74561403508772,0–20,3.269856724508959,0.9405330578982158,65.12184376242092,0.0,1.0,1.0,0.0,0.0,easy100
clipgt-eab8240a-a76b-476c-a2df-355974d664b6,heldout763,1,0.7571746616566865,73.35526315789474,60–80,18.099631402238245,4.936270225491097,362.17343746822576,0.2699010577466032,0.7300989422533968,0.5840791538027175,0.0,0.0,
clipgt-eaba3f6a-3629-42a6-aa86-4bf8dd1f569b,heldout763,1,2.1421903837586145,91.11842105263158,90–100,6.67054763686817,89.36206658256765,133.0412814849676,1.0,0.0,0.42076121268130734,1.0,0.0,hard100
clipgt-eabf93a3-62e8-4302-b989-354e7422a644,heldout763,1,-1.5319411994998613,9.320175438596491,0–20,3.0684562622169462,0.695410583050816,61.34666035614356,0.0,1.0,1.0,0.0,0.0,easy100
clipgt-eac1bf3c-d6e2-46c7-8fcb-1a6a612f2dae,heldout763,1,-0.6849467749640229,36.73245614035088,20–40,9.029613854306422,0.6712086440364691,180.06996410692972,0.0,1.0,0.8417033619879544,0.0,0.0,
clipgt-eaf4352c-a194-4b09-a5a1-144c6a0d7dbc,heldout763,1,2.749164273414701,96.60087719298245,90–100,4.802652583375318,113.8337012170603,96.25619976258035,1.0,0.0,0.028726274034565742,1.0,0.0,hard100
clipgt-eb00439f-6219-4290-9d61-b8b3530cddaa,heldout763,1,-0.7090383765031395,35.6359649122807,20–40,8.744934261640172,1.1310718516639384,174.73743604773233,1.0,0.0,0.7901782410583135,1.0,0.0,
clipgt-eb7e7674-8022-454e-b957-e7757217b078,heldout763,1,2.9165524126692617,97.36842105263158,90–100,9.532700933851208,99.66163420841703,190.6051496131132,1.0,0.0,0.8512150243167467,0.0,1.0,hard100
clipgt-ecdd068b-9d8c-48de-a0f3-b519a5c2ecb0,heldout763,1,0.47300395666569217,69.18859649122807,60–80,15.651144951177972,6.733222592155771,313.05403844716204,0.6355233029714549,0.3644766970285452,0.29158135762283616,0.0,0.0,
clipgt-ed32f15d-ba6a-4951-9391-db3d7a3a8ebd,heldout763,1,-1.8792877034393634,1.644736842105263,0–20,0.46277778729241387,1.3476926014809045,9.283892386666672,0.0,1.0,0.8905364458735185,0.0,0.0,easy100
clipgt-ed7f1e36-66c2-4f44-8eeb-83bc9cd5c370,heldout763,1,0.3221421310283842,65.6798245614035,60–80,13.833874917693285,9.75091015298896,276.69244397278345,0.0,1.0,0.8450434454327824,0.0,0.0,
clipgt-eda3b4fe-e8f5-4407-b23d-f1937985701b,heldout763,1,0.8792567011596617,75.10964912280701,60–80,7.347008873579964,51.24743835451362,146.9412148661629,0.06377591897631707,0.9362240810236829,0.7489792648189464,0.0,0.0,
clipgt-eda66f79-fa63-418c-97e6-14b91a0c615f,heldout763,1,-0.6650639443408075,37.171052631578945,20–40,8.821164419929712,2.0601995708773884,176.36955556048846,0.4531447170804197,0.5468552829195803,0.4374842263356643,0.0,0.0,
clipgt-edcf41a4-be66-4f5a-9ab1-d760962f4a5d,heldout763,1,0.011715409077245775,59.42982456140351,40–60,1.3294726058196071,50.92031388128804,26.186627765270295,0.6030659017036633,0.3969340982963368,0.31754727863706944,0.0,0.0,
clipgt-edea9e15-422a-460c-8b6e-86cc2119e0d6,heldout763,1,0.2611171584253234,64.69298245614036,60–80,12.42431976103759,13.661696777971091,248.45148544417466,0.1811631265832382,0.8188368734167618,0.6550694987334095,0.0,0.0,
clipgt-ee6908a0-4635-499b-b09a-a2528942b1f7,heldout763,1,0.4071187648001675,68.20175438596492,60–80,16.823919518106717,0.2079043359147811,336.5602478271145,0.0,1.0,1.0,0.0,0.0,
clipgt-eeba2aa9-2cbe-4cb0-8da5-7d9d831a442e,heldout763,1,0.7037896427122068,72.69736842105263,60–80,18.280264003392883,2.7187251856451393,365.76810409045413,0.5532797649422304,0.4467202350577696,0.3573761880462157,0.0,0.0,
clipgt-eedc28f2-efe3-4d6f-9445-9ba2cdaa56a0,heldout763,1,0.17824531143854622,63.1578947368421,60–80,8.020117488076405,28.904197741967213,160.06367650838482,0.0,1.0,0.9283631730386993,0.0,0.0,
clipgt-ef27cccd-7bde-4961-906e-f273c05c647f,heldout763,1,-1.0426424936392404,27.083333333333332,20–40,6.665653448002289,0.06915704881246279,133.04981534158063,0.0,1.0,1.0,0.0,0.0,
clipgt-ef3e3ecb-ad46-4cef-a1ea-4e49a31ef36a,heldout763,1,-0.44435893829011097,45.39473684210526,40–60,10.60253133356574,1.1443300696441383,212.20110771424598,0.0,1.0,0.9162953350215924,0.0,0.0,
clipgt-ef9b567b-cf85-44c7-8a5f-d4bc3daf8df7,heldout763,1,-0.5933753829802458,39.25438596491228,20–40,9.750318556500847,0.36456683965174363,194.9731750534342,0.0,1.0,0.8261403713906846,0.0,0.0,
clipgt-f005ac5f-e919-4255-b9f9-acf6720015f1,heldout763,1,-1.0167497725946035,27.850877192982455,20–40,5.241678697294127,6.474894574709577,105.19094865417136,0.48780364773212426,0.5121963522678757,0.40975708181430065,0.0,0.0,
clipgt-f0674f19-6030-4e5c-9031-cd2528c35e06,heldout763,1,1.4253135542347666,81.90789473684211,80–90,3.8252965797588,80.60714351646332,76.67384177926317,0.8031539561300742,0.19684604386992577,0.15747683509594063,0.0,0.0,
clipgt-f095ecaa-fd12-4448-b384-b11407bc5c4f,heldout763,1,-0.6196874330016549,37.93859649122807,20–40,9.601934898975733,0.21853566908992278,191.9608352946886,0.0,1.0,1.0,0.0,0.0,
clipgt-f0d30e68-17a9-4f76-9500-d3f514a5e94e,heldout763,1,0.060879921890129585,60.19736842105263,60–80,13.06747395196186,5.481166604798245,261.39023454129534,1.0,0.0,0.2791524365774889,1.0,0.0,
clipgt-f0e5ae95-e4e7-4a47-aad0-37b136e23dd8,heldout763,1,1.4057919179432883,81.68859649122807,80–90,23.077202541778075,3.272073213848656,461.55322683005556,0.3791332879697329,0.6208667120302671,0.49669336962421373,0.0,0.0,
clipgt-f146fc3e-d484-441d-9c3b-b84790613794,heldout763,1,0.5621590790234241,70.83333333333333,60–80,15.316095655500042,10.569772653593581,306.36662178018935,0.0,1.0,1.0,0.0,0.0,
clipgt-f16ac2bc-188e-4d69-abae-32b880054d65,heldout763,1,-1.0880655572106455,25.657894736842106,20–40,4.581328857123571,7.108835659500019,91.14987265421583,0.0,1.0,0.999008045744516,0.0,0.0,
clipgt-f18c6340-ab0d-4f06-8185-260b90430062,heldout763,1,-1.7240279554432927,4.385964912280702,0–20,0.9704324420441761,3.6768321794541845,19.50560915696382,0.0,1.0,0.9816243676696537,0.0,0.0,easy100
clipgt-f1a1256f-93c1-4e6f-8664-9ddfcf9e5ba6,heldout763,1,1.4593130145715356,82.45614035087719,80–90,23.444982084550542,3.306052652126697,468.92120059854744,0.0,1.0,1.0,0.0,0.0,
clipgt-f244c735-cb12-4190-8b68-64c90251d3f8,heldout763,1,1.9656854859627346,88.70614035087719,80–90,5.390943519651148,89.5161246405648,107.33779860114268,0.041232736578579954,0.95876726342142,0.767013810737136,0.0,0.0,hard100
clipgt-f2bba238-2d2f-4b2b-8243-3166c428f22d,heldout763,1,1.2391222308236385,79.60526315789474,60–80,21.971267377690292,3.009249362138963,439.4963600094187,0.0,1.0,0.9118368812586185,0.0,0.0,
clipgt-f2e97ba1-c980-45cc-a358-39ba1d1381eb,heldout763,1,-0.03247427995313501,58.223684210526315,40–60,13.588519705756102,0.7850011726017194,271.7444185724803,0.0,1.0,0.9604907615763015,0.0,0.0,
clipgt-f3a87e7a-e663-446d-bc27-1cab0c7789d9,heldout763,1,-0.2207739984431197,52.85087719298246,40–60,9.95802258781528,9.985003814478029,199.54353952659696,0.41023944562601555,0.5897605543739844,0.4718084434991876,0.0,0.0,
clipgt-f3e3acc7-d8dc-424c-b88b-a06e96d709ca,heldout763,1,-0.5855767644091529,39.583333333333336,20–40,9.107950523518701,3.145395413839388,182.21018035783027,0.5243381442923816,0.4756618557076184,0.3805294845660947,0.0,0.0,
clipgt-f41175b5-dc9f-4049-81f1-df33ed3d2501,heldout763,1,0.19687222684467215,63.59649122807018,60–80,14.800630750932916,2.38198405925066,296.0546029761689,0.0,1.0,1.0,0.0,0.0,
clipgt-f4553255-8c28-42f5-b601-bfe614b7ab77,heldout763,1,1.4881789974654955,83.00438596491227,80–90,19.833744910570818,18.519224418738,396.74843771070744,0.34820859867289466,0.6517914013271053,0.5214331210616843,0.0,0.0,
clipgt-f45e7779-718d-49ff-b59f-42c74a77b9a9,heldout763,1,-0.08076785759236504,56.9078947368421,40–60,13.393549414300832,0.20835507535239256,267.86374568725876,0.0,1.0,0.9005394184649679,0.0,0.0,
clipgt-f4f7e865-9c03-465b-8233-d4eba8f39ff4,heldout763,1,-0.3663928134079935,48.24561403508772,40–60,8.425240773789877,12.015019481295658,168.38655388387804,0.5264386588991463,0.47356134110085363,0.3788490728806829,0.0,0.0,
clipgt-f5192992-715b-4d7a-ab6d-0a5b5f2c8d9a,heldout763,1,-0.6496972050821473,37.39035087719298,20–40,9.387491210664273,0.23229431760570635,188.4113971893688,0.39964722273511555,0.6003527772648845,0.48028222181190755,0.0,0.0,
clipgt-f55825ac-4cd3-4222-8fec-2da2aed646a0,heldout763,1,1.99846542918612,89.25438596491227,80–90,25.67924464872816,9.514012856100239,513.5951779498757,1.0,0.0,0.6894340836459579,1.0,0.0,hard100
clipgt-f5f6d4ff-6a4b-49f0-a1fa-d5b6fb03bdff,heldout763,1,-1.5050928039142226,10.087719298245615,0–20,3.140262650245739,1.1619165162384129,62.828852294981395,0.0,1.0,0.9874553030005099,0.0,0.0,easy100
clipgt-f65aa80b-eb72-459f-86bb-42e363007e13,heldout763,1,-0.7983951085344165,33.00438596491228,20–40,7.93266163551123,1.8650447875400107,158.70932507624624,0.4158023169818126,0.5841976830181874,0.46735814641455,0.0,0.0,
clipgt-f6de0321-2272-42ff-a50a-4edea5168565,heldout763,1,0.245770019108557,64.3640350877193,60–80,5.273214302078531,41.754019256842106,105.05518678971319,0.0,1.0,0.8507412054543915,0.0,0.0,
clipgt-f7209243-2583-47a7-8035-245b04051979,heldout763,1,-1.3053889062328734,16.885964912280702,0–20,4.788812497074577,0.18686237454174942,95.38780769296449,0.0,1.0,0.8248367330976204,0.0,0.0,
clipgt-f7bbceae-cc40-4fdb-9643-122c54f2c7b2,heldout763,1,1.0826907073829677,77.63157894736842,60–80,21.326313680602762,1.194876820087344,426.6494689092516,1.0,0.0,0.8506398691655361,1.0,0.0,
clipgt-f7ded74f-fbd2-4e57-9ee6-fab842eda85c,heldout763,1,1.8526058036125128,87.06140350877193,80–90,25.764352111885767,5.084206664576283,515.2134278271094,0.39282415683518024,0.6071758431648198,0.4857406745318558,0.0,0.0,
clipgt-f803b3e3-2c70-43af-80e0-44fef67f207a,heldout763,1,-1.259917377891745,19.07894736842105,0–20,5.057713678517688,0.3894908798260963,101.23872719142788,0.0,1.0,1.0,0.0,0.0,
clipgt-f886551d-1925-4db9-ad39-90595c51edea,heldout763,1,-0.52507539083838,41.666666666666664,40–60,10.150612842752793,0.6833041824701809,202.96635109505593,0.0,1.0,1.0,0.0,0.0,
clipgt-f890fe10-a8f6-47fa-8884-cd6ee54a940a,heldout763,1,-1.9927861262548192,0.10964912280701754,0–20,0.00198249043353157,0.0027660399303165665,0.03962702590437217,0.0,1.0,0.9587946065297742,0.0,0.0,
clipgt-f8d31373-64ef-45e8-b8d2-579102dd2791,heldout763,1,-0.2735821721297517,51.64473684210526,40–60,11.828417964718433,1.0438938163691536,236.7695251718054,0.0,1.0,0.9753832746728074,0.0,0.0,
clipgt-f8f93104-aad2-4fae-b8d0-73378e8e11f5,heldout763,1,1.8788604625923624,87.5,80–90,21.40296507671056,23.216176102498135,428.2119575868845,1.0,0.0,0.5260124436946139,0.0,1.0,hard100
clipgt-f9b7dcc6-8ea2-4c5b-9bf2-738f4d4230d6,heldout763,1,-1.1845912849024867,22.149122807017545,20–40,3.5080936554575697,8.682636256346333,70.41160408488743,0.2688487866528251,0.7311512133471749,0.58492097067774,0.0,0.0,
clipgt-f9f72d96-fccb-44b5-8f56-d4fbf17f1473,heldout763,1,0.006346127071896079,59.21052631578947,40–60,13.847186250887304,0.8419335342130057,276.9599604636277,0.6865185909048093,0.3134814090951907,0.25078512727615254,0.0,0.0,
clipgt-fa0379c6-d60e-48b7-b157-11bf5b63039d,heldout763,1,-0.3237940783249006,50.0,40–60,11.6196815487647,0.46835912044630146,232.58708958420826,0.718825143224473,0.28117485677552695,0.2249398854204216,0.0,0.0,
clipgt-fa1f799f-b2f3-48d7-a61b-e06c619a5514,heldout763,1,2.179001771181064,91.77631578947368,90–100,27.656821490418814,6.68909392854265,552.921970247954,0.0,1.0,1.0,0.0,0.0,hard100
clipgt-fa507a17-91bc-47b0-adc3-3d203da57ad0,heldout763,1,-0.1539698018050361,54.276315789473685,40–60,8.102026956197559,19.261170566973533,161.8990126409015,0.0,1.0,0.9493592247636792,0.0,0.0,
clipgt-faa097ac-631a-43ef-935a-4fc8e21cdeb6,heldout763,1,-0.514658133757008,41.8859649122807,40–60,9.970565314189995,1.6935684865599654,199.20691271863512,0.313224590560896,0.686775409439104,0.5494203275512832,0.0,0.0,
clipgt-faa6cd0c-97f3-40fc-8fd5-e132f616f699,heldout763,1,0.47677951994521217,69.40789473684211,60–80,16.550282125270318,3.252827034906917,330.7315934187087,0.0,1.0,1.0,0.0,0.0,
clipgt-fad0784a-8223-4c0a-959e-7c0241485f49,heldout763,1,0.5143211480414398,70.17543859649123,60–80,14.697797165110654,11.6943795216071,293.9805607139392,1.0,0.0,0.3039189304718005,1.0,0.0,
clipgt-fad840eb-c6e8-4e96-a37c-f1061acb26d9,heldout763,1,-0.526780004946303,41.55701754385965,40–60,10.155428576239226,0.616293699851012,202.8103521997341,0.0,1.0,0.9893755650060099,0.0,0.0,
clipgt-fadc73da-130e-42c1-81b9-9e74405c39f3,heldout763,1,-1.0926384189715077,25.54824561403509,20–40,6.225761789048684,0.42165857712802945,125.13311040584344,0.0,1.0,0.9999711485476314,0.0,0.0,
clipgt-fb6d1a18-16cd-45f2-b80d-fa963ff59de3,heldout763,1,2.001271820115566,89.3640350877193,80–90,5.733486624915786,89.14781598502236,114.61314052227841,0.0,1.0,0.8338650483361651,0.0,0.0,hard100
clipgt-fb90f9e6-a9ad-47f1-80b0-ff2c2defdb43,heldout763,1,-0.34308278290193617,49.12280701754386,40–60,10.428113376526985,4.680101125459845,208.58514589485412,1.0,0.0,0.4946364963232804,1.0,0.0,
clipgt-fba5d7c7-102d-4e9d-84eb-f6e7a53b37eb,heldout763,1,-0.3296534154574455,49.45175438596491,40–60,10.751423334051442,3.7671563311479055,214.9473595096341,0.0,1.0,0.9188672357160844,0.0,0.0,
clipgt-fbbadc60-8365-48b6-acd9-aa546f76dd95,heldout763,1,0.9803838461213421,76.3157894736842,60–80,18.893763284351294,8.028284094932475,377.8403823767968,0.0,1.0,1.0,0.0,0.0,
clipgt-fbd72c7a-95d0-4c0a-9a4f-e82aea9d3fae,heldout763,1,0.99019967319983,76.42543859649123,60–80,20.846927053775037,0.5132143951626881,416.87160640095954,0.6428320657734591,0.3571679342265409,0.28573434738123277,0.0,0.0,
clipgt-fbdce016-950b-4533-b8cf-292e3e8b2dda,heldout763,1,-0.686034613031407,36.62280701754386,20–40,9.166850641727452,0.09332345971981602,183.56497955410163,0.2720870741789354,0.7279129258210646,0.5823303406568517,0.0,0.0,
clipgt-fc9fde87-6b71-49ff-baad-2ac992e7e034,heldout763,1,-0.5345567594854643,41.33771929824562,40–60,6.878338696545123,13.469120584253764,138.06527851981053,0.0,1.0,0.9814230205878584,0.0,0.0,
clipgt-fce18b62-3fd4-45e5-8af9-367270d5986f,heldout763,1,-1.7605305312292008,4.057017543859649,0–20,1.6143376093293116,0.08492610149127179,32.30754536780019,0.0,1.0,0.9998996699166386,0.0,0.0,easy100
clipgt-fd0a220e-624d-4b8b-aa0a-4fd563b622b3,heldout763,1,-0.12951238911432705,55.5921052631579,40–60,13.01988379534767,0.3318021372918925,260.49276849517776,0.2000254199022079,0.7999745800977921,0.6399796640782337,0.0,0.0,
clipgt-fd22bde9-45fd-4d59-a9bc-a482022e0545,heldout763,1,-0.5066125146677224,42.10526315789474,40–60,10.312740685434084,0.5544008915997177,206.27969910240247,0.0,1.0,0.8510757691368115,0.0,0.0,
clipgt-fdfb5073-c9e6-4da2-93b7-988273da3807,heldout763,1,-0.7561398346217825,34.64912280701754,20–40,8.636887046733259,0.24115742383738276,173.1034005019539,0.0,1.0,0.9186742700324363,0.0,0.0,
clipgt-fe0c2168-7da0-46b7-b29f-efb80b0a41dd,heldout763,1,0.3405345187747036,66.11842105263158,60–80,15.701631485119249,2.8170062035007444,313.9350511292348,0.0,1.0,1.0,0.0,0.0,
clipgt-fe240bc3-c958-4c6e-9a88-8b2ff87ce2e1,heldout763,1,1.7236795210096143,85.52631578947368,80–90,3.618749739447173,89.7980625595333,71.92789517605003,1.0,0.0,0.49521514820350404,1.0,0.0,
clipgt-fe2979f4-db32-4a82-9ea0-865103216ac4,heldout763,1,-1.8107507198749804,2.741228070175439,0–20,1.0442115144792108,0.950588101141061,20.837335208390392,0.0,1.0,0.9999674366841889,0.0,0.0,easy100
clipgt-fe6c404c-cca9-46f1-a662-8091b3389a67,heldout763,1,-1.0436176285037,26.973684210526315,20–40,6.314537066840392,1.4422644594106941,125.76181134753888,0.0,1.0,0.9449051955328741,0.0,0.0,
clipgt-fea4c0bf-4020-415e-ab89-6b0b24f9add9,heldout763,1,-0.818639820092487,32.23684210526316,20–40,7.160868266544808,4.375675173757738,179.33812624624335,0.0,1.0,1.0,0.0,0.0,
clipgt-fece9f19-fd68-41f6-b406-edd22d4aa15c,heldout763,1,-0.6148509556441988,38.1578947368421,20–40,7.783247996863411,7.608129942954189,156.0859716093476,0.0,1.0,0.9999958108460267,0.0,0.0,
clipgt-ff25b4c3-7d96-4288-a13f-f2d34fcb0efe,heldout763,1,-0.5108512872304737,41.99561403508772,40–60,10.284234367536556,0.5492322947105199,206.119890363918,0.0,1.0,0.8996160114467902,0.0,0.0,
clipgt-ff28f961-dd5a-4dba-8fb4-711b510b535c,heldout763,1,1.8959192902279174,87.71929824561404,80–90,1.8478779625733754,101.69144176415553,36.57143330194065,0.31466244342633276,0.6853375565736672,0.5482700452589339,0.0,0.0,hard100
clipgt-ff3ded58-8259-40e8-879b-e1c01db2f536,heldout763,1,0.10971580403478637,61.40350877192982,60–80,14.151691870418537,2.526191880821932,283.1704019480218,0.43127396236214866,0.5687260376378513,0.45498083011028106,0.0,0.0,
clipgt-ff587666-677a-436c-8a8f-b8ce169dcb30,heldout763,1,1.513831207017431,83.66228070175438,80–90,13.871953185461031,43.017629585787944,277.4649697953167,0.5091822653732598,0.4908177346267401,0.3926541877013921,0.0,0.0,
clipgt-ff823af7-8c65-4672-aabc-a986cb4bbfdf,heldout763,1,-0.3216796263871628,50.10964912280702,40–60,10.396510036382937,5.406363147823047,207.78345412696927,0.38140679801293265,0.6185932019870674,0.49487456158965387,0.0,0.0,
clipgt-ffb26632-8c84-433e-bde2-9caf285d8090,heldout763,1,-1.5955119292691406,7.894736842105263,0–20,2.722409858741339,0.2929245681899591,54.49691196101374,0.0,1.0,0.9901275195151081,0.0,0.0,easy100
clipgt-ffd5706c-d61d-4b72-bbc8-5e078207cd64,heldout763,1,0.9492494389710098,76.09649122807018,60–80,19.636076302979863,4.194410986383584,392.69636753948043,1.0,0.0,0.2930821247458026,1.0,0.0,
